Skin,Rarity,Market_Name,Icon_URL,Image_Path,Mean_Red,Mean_Green,Mean_Blue,Std_Red,Std_Green,Std_Blue,Mean_Hue,Mean_Saturation,Mean_Brightness,Std_Saturation,Std_Brightness,Pixel_Contrast,Dominant_Red,Dominant_Green,Dominant_Blue,Dominant_Hue,Dominant_Saturation,Dominant_Brightness,Dominant_Hex,Color_Diversity,Edge_Density,Palette_1_R,Palette_1_G,Palette_1_B,Palette_1_Hex,Palette_2_R,Palette_2_G,Palette_2_B,Palette_2_Hex,Palette_3_R,Palette_3_G,Palette_3_B,Palette_3_Hex,Palette_4_R,Palette_4_G,Palette_4_B,Palette_4_Hex,Palette_5_R,Palette_5_G,Palette_5_B,Palette_5_Hex,Palette_6_R,Palette_6_G,Palette_6_B,Palette_6_Hex,Start_Date,End_Date,Total_Return,Annualized_Return,Annualized_Volatility,Sharpe_Ratio,Max_Drawdown,Average_Daily_Return,Positive_Day_Percentage,Observations,Winsorized_Observations,Robustness_Note
AK-47 | The Empress,Covert,AK-47 | The Empress (Factory New),https://community.fastly.steamstatic.com/economy/image/i0CoZ81Ui0m-9KwlBY1L_18myuGuq1wfhWSaZgMttyVfPaERSR0Wqmu7LAocGIGz3UqlXOLrxM-vMGmW8VNxu5Dx60noTyLwlcK3wiVI0POlPPNSJf2DHGKD0tF6ueZhW2exxEt152rWzI7_Ii-Ubw90DMB0Ee4C5xOwx9GxZbjk71PXgogWn36tkGoXudZeYvlo,spectrum2_images\AK-47 _ The Empress (Factory New).png,58.74070161265264,50.22232234409471,45.73868191281111,49.17777148742363,38.73538595428323,35.291080023396624,0.17644059503508774,0.4160716388302783,0.2592723109813792,0.20418153321831964,0.18701934868485678,39.125643763811354,57,49,45,0.05555555555555556,0.21052631578947367,0.2235294117647059,#39312d,155.07716305310905,0.14219058916567814,82,58,45,#523a2d,28,39,44,#1c272c,101,80,90,#65505a,0,0,0,#000000,35,33,40,#232128,244,248,176,#f4f8b0,2023-09-30,2026-09-22,0.3391377756398899,0.1029277847245591,1.5064379863782689,0.8090391648780126,-0.6079916036074979,0.0034920713114998956,0.5265888456549935,771,5,Daily returns are pooled 1st/99th percentile winsorized. Total and annualized returns are synthetic compounded-return robustness measures.
AUG | Triqua,Mil-Spec Grade,AUG | Triqua (Factory New),https://community.fastly.steamstatic.com/economy/image/i0CoZ81Ui0m-9KwlBY1L_18myuGuq1wfhWSaZgMttyVfPaERSR0Wqmu7LAocGIGz3UqlXOLrxM-vMGmW8VNxu5Dx60noTyLwi5Hf_jdk7uepV6t_If6UC1iE0-d3vuZlSha_nBovp3OGyd-hdXzDZwApApYjF7UJtUK5l9LnYe_g4wDWjd5NmHqojnxJuCw-_a9cBrjnwKiq,spectrum2_images\AUG _ Triqua (Factory New).png,73.1592906570545,66.7974545535456,61.4309681151681,51.54536821249316,49.722924881746465,50.396193552335774,0.16223511102319982,0.21389096589654427,0.3001728987436374,0.24032546738155056,0.21401119380487385,49.198737624254484,73,67,61,0.08333333333333337,0.16438356164383552,0.28627450980392155,#49433d,42.866733682440454,0.1265036426272096,74,67,62,#4a433e,72,68,72,#484448,53,53,58,#35353a,18,16,16,#121010,68,70,79,#44464f,57,47,48,#392f30,2023-09-30,2026-09-28,3.825326517091165,0.6906375112275469,1.6581073103014154,1.0945923674691196,-0.7792391305524776,0.005122133777475271,0.4454628780934922,1091,14,Daily returns are pooled 1st/99th percentile winsorized. Total and annualized returns are synthetic compounded-return robustness measures.
CZ75-Auto | Tacticat,Restricted,CZ75-Auto | Tacticat (Factory New),https://community.fastly.steamstatic.com/economy/image/i0CoZ81Ui0m-9KwlBY1L_18myuGuq1wfhWSaZgMttyVfPaERSR0Wqmu7LAocGIGz3UqlXOLrxM-vMGmW8VNxu5Dx60noTyLyhMG1_B1c_M2tcvM4H-SSDXOZwu9ij-1gSCGn2x4k5zvVm9z8IH7FZwFyCJckR7NfshSwwNGyMLzn41fejINHn3r6jy5XrnE8D8_CCNo,spectrum2_images\CZ75-Auto _ Tacticat (Factory New).png,86.39289277305559,77.88946087234127,88.50923819785307,64.10557731094052,45.11181789905531,52.65011702711155,0.2887171037887155,0.2473824261757258,0.3944600546631518,0.22708186542163114,0.24798113357645857,47.09706917152601,81,77,74,0.07142857142857129,0.08641975308641962,0.3176470588235294,#514d4a,207.15811292332833,0.07307874595379511,82,77,74,#524d4a,98,81,123,#62517b,51,59,61,#333b3d,0,0,0,#000000,248,250,244,#f8faf4,233,232,224,#e9e8e0,2023-09-30,2026-09-28,2.148042875736638,0.46610574439147223,1.641835078767035,0.9943802865274936,-0.6931629908604222,0.004622202518006761,0.47296058661778184,1091,15,Daily returns are pooled 1st/99th percentile winsorized. Total and annualized returns are synthetic compounded-return robustness measures.
G3SG1 | Hunter,Mil-Spec Grade,G3SG1 | Hunter (Factory New),https://community.fastly.steamstatic.com/economy/image/i0CoZ81Ui0m-9KwlBY1L_18myuGuq1wfhWSaZgMttyVfPaERSR0Wqmu7LAocGIGz3UqlXOLrxM-vMGmW8VNxu5Dx60noTyL2zYXnrB1c_M2pO7dqcc-QC3OdxNFkteV8Vxa_nBovp3Pdw9arJCrCP1N1DZFyR7EDskO4wd3mYr_ltVHa2oNNziWshn5Nunlp_a9cBi4_3bmx,spectrum2_images\G3SG1 _ Hunter (Factory New).png,64.59842936982078,55.82438812873386,48.363437078435155,45.73528993439343,38.84995085635555,35.3578470266665,0.09338443575847526,0.23694783700134225,0.2558622311904141,0.14853938350833837,0.1807768026423201,39.71941691080141,65,56,48,0.07843137254901962,0.2615384615384615,0.2549019607843137,#413830,53.694509326944925,0.09757738896366083,65,55,47,#41372f,67,74,77,#434a4d,1,1,1,#010101,40,40,45,#28282d,42,40,42,#2a282a,26,23,24,#1a1718,2023-09-30,2026-09-28,2.089855240242053,0.4570081847361649,2.4953638720894613,1.3505048288608217,-0.7458851503168682,0.00938222295464425,0.46831955922865015,1089,60,Daily returns are pooled 1st/99th percentile winsorized. Total and annualized returns are synthetic compounded-return robustness measures.
Glock-18 | Off World,Mil-Spec Grade,Glock-18 | Off World (Factory New),https://community.fastly.steamstatic.com/economy/image/i0CoZ81Ui0m-9KwlBY1L_18myuGuq1wfhWSaZgMttyVfPaERSR0Wqmu7LAocGIGz3UqlXOLrxM-vMGmW8VNxu5Dx60noTyL2kpnj9h1Y-s2pZKtuK8-aAGOZxuFJvOhuRz39xRly4WSDm4z9dHvCOg8iC5pxQrZethbsk4C1MbnnsQTag4pFyy_9hzQJsHjSW_TM0g,spectrum2_images\Glock-18 _ Off World (Factory New).png,63.96465700805812,87.19387499478101,96.40520228800467,35.45671181972235,43.60158665414803,50.44206884557079,0.5342483475101778,0.30993305838437146,0.3835480282046433,0.18521469784262723,0.2003974074057226,41.21183492683761,64,87,96,0.546875,0.3333333333333333,0.3764705882352941,#405760,61.3621504633195,0.054897875430122804,64,88,97,#405861,7,6,6,#070606,65,49,47,#41312f,86,82,86,#565256,71,67,69,#474345,79,72,81,#4f4851,2023-09-30,2026-09-28,4.198845088534176,0.7332202597500455,1.6713569287633327,1.1048826913446461,-0.7669864576215842,0.005209075063680828,0.463302752293578,1090,21,Daily returns are pooled 1st/99th percentile winsorized. Total and annualized returns are synthetic compounded-return robustness measures.
M4A1-S | Leaded Glass,Classified,M4A1-S | Leaded Glass (Factory New),https://community.fastly.steamstatic.com/economy/image/i0CoZ81Ui0m-9KwlBY1L_18myuGuq1wfhWSaZgMttyVfPaERSR0Wqmu7LAocGIGz3UqlXOLrxM-vMGmW8VNxu5Dx60noTyL8ypexwjFS4_ega6F_H_eAMWrEwL9Jo-loWz22hyIrujqNjsH8dn6ePwB2DpEmFuAMt0HulYa1Nu2z4QWPjt9NnCX63H9M5ys96r1QT-N7rZDTLd1E,spectrum2_images\M4A1-S _ Leaded Glass (Factory New).png,78.84995992744759,67.85485299700511,58.34179778124604,50.790863923271665,40.97762410670365,43.53171856329507,0.09946322360930167,0.34901041238555247,0.3420196070160464,0.23982465302444725,0.21625556796124384,40.92006995604303,79,68,58,0.07936507936507936,0.2658227848101266,0.30980392156862746,#4f443a,150.56717440653887,0.12830733431009222,81,63,47,#513f2f,70,96,116,#466074,102,80,90,#66505a,97,83,95,#61535f,0,0,0,#000000,255,255,147,#ffff93,2023-09-30,2026-09-28,3.933853616500337,0.7032299891350116,1.0890691852311691,0.983946989361277,-0.8757011005278604,0.0030754889193330055,0.5101663585951941,1082,2,Daily returns are pooled 1st/99th percentile winsorized. Total and annualized returns are synthetic compounded-return robustness measures.
MAC-10 | Oceanic,Mil-Spec Grade,MAC-10 | Oceanic (Factory New),https://community.fastly.steamstatic.com/economy/image/i0CoZ81Ui0m-9KwlBY1L_18myuGuq1wfhWSaZgMttyVfPaERSR0Wqmu7LAocGIGz3UqlXOLrxM-vMGmW8VNxu5Dx60noTyL8n5WxrR1a4s2jaac8cM-cDWKRz-dJvOhuRz39lh4h52qGm9z7cCjBZ1IpCJp5QbRZtxXql9LnPrnr5wLXiY5EzX_2jjQJsHjZHPDEEg,spectrum2_images\MAC-10 _ Oceanic (Factory New).png,84.63930224651516,96.56829772210163,95.03577686533986,57.1050771214977,53.37922723358675,49.421898878380354,0.31367607583192386,0.22491867565588028,0.40521381866552625,0.23952222680037086,0.21857154351934954,52.62717634208025,85,97,96,0.48611111111111116,0.12371134020618557,0.3803921568627451,#556160,74.75355816592256,0.09613829491071547,116,116,103,#747467,43,74,88,#2b4a58,28,26,26,#1c1a1a,38,36,39,#262427,69,66,67,#454243,100,96,95,#64605f,2023-09-30,2026-09-28,4.818919308827752,0.7996186551749458,1.6210650797674224,1.1193889473159133,-0.751055668741347,0.005098686272365333,0.3923006416131989,1091,18,Daily returns are pooled 1st/99th percentile winsorized. Total and annualized returns are synthetic compounded-return robustness measures.
MP9 | Goo,Restricted,MP9 | Goo (Factory New),https://community.fastly.steamstatic.com/economy/image/i0CoZ81Ui0m-9KwlBY1L_18myuGuq1wfhWSaZgMttyVfPaERSR0Wqmu7LAocGIGz3UqlXOLrxM-vMGmW8VNxu5Dx60noTyL8js_f_jdk4uL3V6NiL8-fB2CY1aAv5LYwSn23xE4l5GrXn9aqIH-SZlMiD8MjEbYK4UW_x9TmM-Lh4FHYlcsbmqGCM0DC,spectrum2_images\MP9 _ Goo (Factory New).png,77.85404732254047,82.02504245443224,83.68060681535152,49.798834339493794,54.7056582621774,59.91406055887321,0.38002465720782563,0.10534497600798055,0.33746072548797623,0.06818547927686006,0.23166150836101237,53.986292951750166,78,82,84,0.5555555555555554,0.07142857142857134,0.32941176470588235,#4e5254,54.0437731723478,0.11639494833524684,79,83,85,#4f5355,42,40,40,#2a2828,2,2,2,#020202,49,47,49,#312f31,64,61,60,#403d3c,52,49,50,#343132,2023-09-30,2026-09-28,0.16333537243280594,0.051772143658549874,1.332844172968929,0.6595830545921708,-0.8914565023164778,0.0025276463403638995,0.49587534372135655,1091,7,Daily returns are pooled 1st/99th percentile winsorized. Total and annualized returns are synthetic compounded-return robustness measures.
P250 | See Ya Later,Covert,P250 | See Ya Later (Factory New),https://community.fastly.steamstatic.com/economy/image/i0CoZ81Ui0m-9KwlBY1L_18myuGuq1wfhWSaZgMttyVfPaERSR0Wqmu7LAocGIGz3UqlXOLrxM-vMGmW8VNxu5Dx60noTyLhzMOwwiFO0OL8PfRSI-mRC3WT0-F1j-1gSCGn2x9ytmzWnN6pInjGOwMlDZp0EORe5BHsx93lP7zr5wzbiI5AyXr_jS9XrnE8gQrIgng,spectrum2_images\P250 _ See Ya Later (Factory New).png,86.12591633327938,109.161875910552,78.4883564970053,45.66980744229618,50.860009795310944,39.90499009848393,0.329824901610656,0.3205469270220304,0.4453835665570717,0.19010459335359936,0.21135143267341833,46.37898720539963,87,110,79,0.2903225806451613,0.28181818181818186,0.43137254901960786,#576e4f,70.50099417610274,0.1849383811035384,87,111,79,#576f4f,52,50,64,#343240,37,32,32,#252020,0,0,0,#000000,16,14,16,#100e10,51,43,44,#332b2c,2023-09-30,2026-09-22,24.246374893551984,1.9539751849745906,1.4346295763180112,1.443146342240976,-0.46353116560968766,0.005790869173050342,0.5284780578898226,1071,2,Daily returns are pooled 1st/99th percentile winsorized. Total and annualized returns are synthetic compounded-return robustness measures.
PP-Bizon | High Roller,Classified,PP-Bizon | High Roller (Factory New),https://community.akamai.steamstatic.com/economy/image/i0CoZ81Ui0m-9KwlBY1L_18myuGuq1wfhWSaZgMttyVfPaERSR0Wqmu7LAocGIGz3UqlXOLrxM-vMGmW8VNxu5Dx60noTyLzl4zv8x1Y-s2sYb5iLs-SAmuvyOBJvOhuRz39kEx1smnczomgJX2XbA4hC8BzRe9etxntldblMuyx5wfc2ooWni7_3DQJsHhZ08njvA,spectrum2_images\PP-Bizon _ High Roller (Factory New).png,114.19079459319249,90.86846125025218,85.50165720379283,65.8252841613769,68.06620308618183,64.7270510596903,0.08150760460471419,0.2560695616062489,0.45018730782511,0.2681459350379045,0.25706374144399163,65.67843904947533,112,88,83,0.028735632183908028,0.2589285714285714,0.4392156862745098,#705853,88.91276437776006,0.1839953099809468,113,89,83,#715953,84,92,96,#545c60,54,52,53,#363435,54,54,60,#36363c,0,0,0,#000000,0,2,1,#000201,2023-09-30,2026-09-28,0.6894850821422278,0.19120776420355745,1.9495874096018229,1.0371512241661907,-0.5962065316179342,0.00565969834659355,0.5289169295478444,951,17,Daily returns are pooled 1st/99th percentile winsorized. Total and annualized returns are synthetic compounded-return robustness measures.
R8 Revolver | Llama Cannon,Classified,R8 Revolver | Llama Cannon (Factory New),https://community.fastly.steamstatic.com/economy/image/i0CoZ81Ui0m-9KwlBY1L_18myuGuq1wfhWSaZgMttyVfPaERSR0Wqmu7LAocGIGz3UqlXOLrxM-vMGmW8VNxu5Dx60noTyLjm4Dv8TRe_c2pe5t_eM-fAmadwO13vu9mQRa_nBovp3OEz9n7JH-UPwEoA5t2TLFYtBmxlNzhYuOztgHZjo9Mzyqq3C9O63o5_a9cBr5nn1G8,spectrum2_images\R8 Revolver _ Llama Cannon (Factory New).png,54.02212310037208,55.498363742323036,55.65719280943202,66.04467954802934,63.63784450634603,52.534747504001174,0.6182695333566507,0.39182649916277223,0.2515179003864961,0.18975094417519278,0.252741922855412,63.15525879098259,54,55,55,0.5,0.018181818181818243,0.21568627450980393,#363737,193.25380112704843,0.16310787389979498,21,25,35,#151923,129,124,101,#817c65,16,13,13,#100d0d,204,231,250,#cce7fa,166,196,239,#a6c4ef,70,68,69,#464445,2023-09-30,2026-09-28,3.7371652701436924,0.6802684422599243,2.3470859192635913,1.4358847898655658,-0.6813259060277016,0.00935372307300664,0.5124508519003932,763,24,Daily returns are pooled 1st/99th percentile winsorized. Total and annualized returns are synthetic compounded-return robustness measures.
SCAR-20 | Jungle Slipstream,Mil-Spec Grade,SCAR-20 | Jungle Slipstream (Factory New),https://community.fastly.steamstatic.com/economy/image/i0CoZ81Ui0m-9KwlBY1L_18myuGuq1wfhWSaZgMttyVfPaERSR0Wqmu7LAocGIGz3UqlXOLrxM-vMGmW8VNxu5Dx60noTyLinZfyr3Jk5-uRe6dsMqLDMW2Fz-l6td56QyCjhgk1tjyIpYPwJiPTcFIgX5tyFOEJtxm_wdDkZOrq5gHcjIIRzyX_hiJP7io55O9WUKUgr_fJz1aWgsoiFrs,spectrum2_images\SCAR-20 _ Jungle Slipstream (Factory New).png,89.79907341598884,88.17083892705783,54.12435178604333,71.57399324907345,66.65728719640644,29.28163944893785,0.19798230452335625,0.2746537016725962,0.362102032631737,0.2488267475363646,0.2797815631443865,64.23902377247228,90,88,54,0.15740740740740738,0.4,0.35294117647058826,#5a5836,61.57268976795649,0.12219578063584588,91,90,55,#5b5a37,12,11,11,#0c0b0b,29,25,33,#1d1921,5,5,40,#050528,0,0,0,#000000,1,1,1,#010101,2023-09-30,2026-09-28,2.074571535615025,0.45459969302080805,1.6977601932044135,1.014123616738966,-0.7085349032199555,0.004830339707970995,0.3926605504587156,1090,23,Daily returns are pooled 1st/99th percentile winsorized. Total and annualized returns are synthetic compounded-return robustness measures.
SG 553 | Phantom,Restricted,SG 553 | Phantom (Factory New),https://community.fastly.steamstatic.com/economy/image/i0CoZ81Ui0m-9KwlBY1L_18myuGuq1wfhWSaZgMttyVfPaERSR0Wqmu7LAocGIGz3UqlXOLrxM-vMGmW8VNxu5Dx60noTyLimcO1qx1c_M29b_E4c8-DBmae1eF7j-1gSCGn204k5WXSz4ysJSnDPQ5xDsZ0Ru4PtUKxw9XhMO-0tAON3YpMyS-v23lXrnE80YpLcJc,spectrum2_images\SG 553 _ Phantom (Factory New).png,66.08068971289863,66.2931837839346,65.76998409642589,49.98605403873733,48.88898263882955,48.68080418520845,0.44279615363335584,0.15874947502413803,0.28205007847842134,0.14596218265650507,0.20438093224152662,48.605665896645725,65,65,64,0.16666666666666666,0.015384615384615332,0.2549019607843137,#414140,40.775947092627966,0.1768255542177208,67,67,66,#434342,42,38,38,#2a2626,39,37,39,#272527,43,41,44,#2b292c,58,53,55,#3a3537,8,7,7,#080707,2023-09-30,2026-09-28,1.2314198752767807,0.3070733975823341,1.6668164434094308,0.945164893242543,-0.7145557655954633,0.0044219133715238616,0.4738771769019248,1091,18,Daily returns are pooled 1st/99th percentile winsorized. Total and annualized returns are synthetic compounded-return robustness measures.
Sawed-Off | Morris,Mil-Spec Grade,Sawed-Off | Morris (Factory New),https://community.fastly.steamstatic.com/economy/image/i0CoZ81Ui0m-9KwlBY1L_18myuGuq1wfhWSaZgMttyVfPaERSR0Wqmu7LAocGIGz3UqlXOLrxM-vMGmW8VNxu5Dx60noTyLin4Hl-S1d6c2veZt-IeeWCiqfx-hJtu1mWCyhqhEutDWR1NypJSnDPQF2C8N2EOEL4xjqkd20Ze7q4APW3dkWxSit2i4a7Ctp4LkcEf1yx89MV8Y,spectrum2_images\Sawed-Off _ Morris (Factory New).png,82.34369104822922,70.57512012813667,57.31453995372842,47.285343685535196,40.82364058784273,36.49058026215671,0.10879047119128488,0.30485845728033095,0.3309214883675485,0.17294123975139375,0.1905635212941818,41.12399485396386,82,70,57,0.08666666666666667,0.3048780487804878,0.3215686274509804,#524639,148.83384200054186,0.1019595118345862,80,67,52,#504334,101,115,121,#657379,231,240,202,#e7f0ca,3,3,3,#030303,69,67,69,#454345,62,62,73,#3e3e49,2023-09-30,2026-09-28,6.11865079961802,0.9248295712285808,2.7693502013644054,1.559541947669095,-0.6148269336207013,0.01193323229101671,0.4506517690875233,1074,69,Daily returns are pooled 1st/99th percentile winsorized. Total and annualized returns are synthetic compounded-return robustness measures.
Tec-9 | Cracked Opal,Mil-Spec Grade,Tec-9 | Cracked Opal (Factory New),https://community.fastly.steamstatic.com/economy/image/i0CoZ81Ui0m-9KwlBY1L_18myuGuq1wfhWSaZgMttyVfPaERSR0Wqmu7LAocGIGz3UqlXOLrxM-vMGmW8VNxu5Dx60noTyLlm5W5wiFO0Oara_1SI-KSDWyVxdF5oOBlcCW6khUz_WvSwo2geHiUbFAkD8EkTOFetxi4w9ThZLnm5lfdj4JDznmqjixA6Sd1o7FVGUODCFM,spectrum2_images\Tec-9 _ Cracked Opal (Factory New).png,87.84164725037195,72.91219156163153,51.94180725935491,43.46600805023794,47.02577467376302,44.68234987416214,0.0941475846996088,0.5436223315723414,0.38011584276076316,0.1731471105656086,0.19635574294377842,43.05901984677628,88,73,52,0.09722222222222221,0.4090909090909091,0.34509803921568627,#584934,88.96592692217,0.15952211634191438,88,73,52,#584934,2,1,2,#020102,38,38,62,#26263e,111,105,123,#6f697b,106,73,102,#6a4966,40,44,64,#282c40,2023-09-30,2026-09-28,15.40279629410588,1.542979191969081,1.7386683124133318,1.3679064007061787,-0.7751529763222327,0.006617484389729859,0.47571035747021084,1091,17,Daily returns are pooled 1st/99th percentile winsorized. Total and annualized returns are synthetic compounded-return robustness measures.
UMP-45 | Exposure,Restricted,UMP-45 | Exposure (Factory New),https://community.fastly.steamstatic.com/economy/image/i0CoZ81Ui0m-9KwlBY1L_18myuGuq1wfhWSaZgMttyVfPaERSR0Wqmu7LAocGIGz3UqlXOLrxM-vMGmW8VNxu5Dx60noTyLkk4a0qB1Y-s27ZbQ5dc-LQ3WR2NF7seJhRie2qhEutDWR1Nutci2WbwBzWZFyF-Fetka_ltbgM7nh5AKKiYoRmXr73H4b7ilvsekcEf1y88bI5DM,spectrum2_images\UMP-45 _ Exposure (Factory New).png,65.40463867753273,98.57838631184582,107.97360086516551,48.590700659759925,56.88436080369645,68.70764135199627,0.42032780218155824,0.3195152252059836,0.4339586547221724,0.32096012651514777,0.2640039858962897,51.634292172518094,65,99,109,0.537878787878788,0.4036697247706422,0.42745098039215684,#41636d,75.69672164347384,0.16995440223879135,66,101,111,#42656f,41,38,38,#292626,67,64,67,#434043,89,89,91,#59595b,70,71,76,#46474c,0,0,1,#000001,2023-09-30,2026-09-28,2.0009965301489365,0.44289230351176045,1.4176586149193122,0.9196883317474187,-0.6200437935018916,0.0036755207446076852,0.4821264894592117,1091,13,Daily returns are pooled 1st/99th percentile winsorized. Total and annualized returns are synthetic compounded-return robustness measures.
XM1014 | Ziggy,Restricted,XM1014 | Ziggy (Factory New),https://community.fastly.steamstatic.com/economy/image/i0CoZ81Ui0m-9KwlBY1L_18myuGuq1wfhWSaZgMttyVfPaERSR0Wqmu7LAocGIGz3UqlXOLrxM-vMGmW8VNxu5Dx60noTyLpk8ewrHZk7uORcKk8cKHHMX2Zxulvj-BnTjuwnQQYvzSCkpu3In6XPA4lAsZ5E-JbukWwwd3nY-zn4gLe2thNmCiv2ixK6SZs5ucHVb1lpPO5jVz-xA,spectrum2_images\XM1014 _ Ziggy (Factory New).png,77.19857747020377,75.44444444444444,67.90657439446366,44.589587981414205,50.093495661556496,48.11837909305616,0.15235804995752492,0.28157289022290094,0.3255776435910773,0.2944083217007486,0.1865642322600762,47.713891035832255,78,76,68,0.13333333333333322,0.12820512820512828,0.3058823529411765,#4e4c44,160.22512091657705,0.15049000392003137,78,81,64,#4e5140,67,47,74,#432f4a,40,32,33,#282021,226,244,206,#e2f4ce,0,8,0,#000800,1,1,1,#010101,2023-09-30,2026-09-28,1.938620608692661,0.43281618855046666,1.878218938353673,1.092117054205454,-0.7025946847355833,0.00572765233026906,0.5013774104683195,1089,31,Daily returns are pooled 1st/99th percentile winsorized. Total and annualized returns are synthetic compounded-return robustness measures.
