Portfolio,Members,Number_of_Skins,Start_Date,End_Date,Total_Return,Annualized_Return,Annualized_Volatility,Sharpe_Ratio,Max_Drawdown,Observations,Gross_Return_Note,Feature,Split_Value
Spectrum 2 Benchmark,"AK-47 | The Empress (Factory New), AUG | Triqua (Factory New), CZ75-Auto | Tacticat (Factory New), G3SG1 | Hunter (Factory New), Glock-18 | Off World (Factory New), M4A1-S | Leaded Glass (Factory New), MAC-10 | Oceanic (Factory New), MP9 | Goo (Factory New), P250 | See Ya Later (Factory New), PP-Bizon | High Roller (Factory New), R8 Revolver | Llama Cannon (Factory New), SCAR-20 | Jungle Slipstream (Factory New), SG 553 | Phantom (Factory New), Sawed-Off | Morris (Factory New), Tec-9 | Cracked Opal (Factory New), UMP-45 | Exposure (Factory New), XM1014 | Ziggy (Factory New)",17.0,2023-09-29,2026-09-15,5.164473373522715,0.8469797664056224,0.5880997540407037,0.8163612483300705,-0.5075624616659252,527,"Price return before Steam fees, bid-ask spread, slippage, and taxes. Cumulative portfolio returns use common universe-wide start/end dates; intermediate one-day return observations use available constituent data without forward-filling.",Benchmark,
High Mean_Saturation,"AK-47 | The Empress (Factory New), Glock-18 | Off World (Factory New), M4A1-S | Leaded Glass (Factory New), P250 | See Ya Later (Factory New), R8 Revolver | Llama Cannon (Factory New), Sawed-Off | Morris (Factory New), Tec-9 | Cracked Opal (Factory New), UMP-45 | Exposure (Factory New), XM1014 | Ziggy (Factory New)",9.0,2023-09-29,2026-09-15,7.610654250882618,1.067395042656376,0.7765624289969141,0.9649908216303096,-0.5339515927748677,574,"Price return before Steam fees, bid-ask spread, slippage, and taxes. Cumulative portfolio returns use common universe-wide start/end dates; intermediate one-day return observations use available constituent data without forward-filling.",Mean_Saturation,0.28157289022290094
Low Mean_Saturation,"AUG | Triqua (Factory New), CZ75-Auto | Tacticat (Factory New), G3SG1 | Hunter (Factory New), MAC-10 | Oceanic (Factory New), MP9 | Goo (Factory New), PP-Bizon | High Roller (Factory New), SCAR-20 | Jungle Slipstream (Factory New), SG 553 | Phantom (Factory New)",8.0,2023-09-29,2026-09-15,2.4125198864928232,0.5129572564988343,0.7511351955606571,0.9785294753638478,-0.5730965568212969,945,"Price return before Steam fees, bid-ask spread, slippage, and taxes. Cumulative portfolio returns use common universe-wide start/end dates; intermediate one-day return observations use available constituent data without forward-filling.",Mean_Saturation,0.28157289022290094
High-Low Mean_Saturation,Descriptive high-minus-low spread,,2023-09-30,2026-09-15,,-0.30340096380208614,0.953621045615438,-0.3181567407693696,,527,"Annualized_Return is the average daily high-minus-low return differential multiplied by 365. This is a descriptive factor spread, not a compounded investable portfolio and is not assumed directly shortable.",Mean_Saturation,0.28157289022290094
High Mean_Brightness,"CZ75-Auto | Tacticat (Factory New), Glock-18 | Off World (Factory New), M4A1-S | Leaded Glass (Factory New), MAC-10 | Oceanic (Factory New), P250 | See Ya Later (Factory New), PP-Bizon | High Roller (Factory New), SCAR-20 | Jungle Slipstream (Factory New), Tec-9 | Cracked Opal (Factory New), UMP-45 | Exposure (Factory New)",9.0,2023-09-29,2026-09-15,7.303915697391631,1.0422518908878242,0.6635077267261781,1.3018241142657092,-0.5547792262020192,926,"Price return before Steam fees, bid-ask spread, slippage, and taxes. Cumulative portfolio returns use common universe-wide start/end dates; intermediate one-day return observations use available constituent data without forward-filling.",Mean_Brightness,0.3420196070160464
Low Mean_Brightness,"AK-47 | The Empress (Factory New), AUG | Triqua (Factory New), G3SG1 | Hunter (Factory New), MP9 | Goo (Factory New), R8 Revolver | Llama Cannon (Factory New), SG 553 | Phantom (Factory New), Sawed-Off | Morris (Factory New), XM1014 | Ziggy (Factory New)",8.0,2023-09-29,2026-09-15,2.757600759170185,0.5629293783035227,0.8747796032703493,0.9134736362238685,-0.5187628171687455,579,"Price return before Steam fees, bid-ask spread, slippage, and taxes. Cumulative portfolio returns use common universe-wide start/end dates; intermediate one-day return observations use available constituent data without forward-filling.",Mean_Brightness,0.3420196070160464
High-Low Mean_Brightness,Descriptive high-minus-low spread,,2023-09-30,2026-09-15,,0.48397661142425724,0.9426432937633454,0.5134249770048877,,527,"Annualized_Return is the average daily high-minus-low return differential multiplied by 365. This is a descriptive factor spread, not a compounded investable portfolio and is not assumed directly shortable.",Mean_Brightness,0.3420196070160464
High Color_Diversity,"AK-47 | The Empress (Factory New), CZ75-Auto | Tacticat (Factory New), M4A1-S | Leaded Glass (Factory New), PP-Bizon | High Roller (Factory New), R8 Revolver | Llama Cannon (Factory New), Sawed-Off | Morris (Factory New), Tec-9 | Cracked Opal (Factory New), UMP-45 | Exposure (Factory New), XM1014 | Ziggy (Factory New)",9.0,2023-09-29,2026-09-15,4.669594104532263,0.7955682260452162,0.7814275049594501,0.1360201997225696,-0.6261423690893646,529,"Price return before Steam fees, bid-ask spread, slippage, and taxes. Cumulative portfolio returns use common universe-wide start/end dates; intermediate one-day return observations use available constituent data without forward-filling.",Color_Diversity,75.69672164347384
Low Color_Diversity,"AUG | Triqua (Factory New), G3SG1 | Hunter (Factory New), Glock-18 | Off World (Factory New), MAC-10 | Oceanic (Factory New), MP9 | Goo (Factory New), P250 | See Ya Later (Factory New), SCAR-20 | Jungle Slipstream (Factory New), SG 553 | Phantom (Factory New)",8.0,2023-09-29,2026-09-15,5.721212551136973,0.9016463128780821,0.7260722441960389,1.1152326885345756,-0.4327367227136355,1062,"Price return before Steam fees, bid-ask spread, slippage, and taxes. Cumulative portfolio returns use common universe-wide start/end dates; intermediate one-day return observations use available constituent data without forward-filling.",Color_Diversity,75.69672164347384
High-Low Color_Diversity,Descriptive high-minus-low spread,,2023-09-30,2026-09-15,,-0.9842098376228143,0.8707403884567858,-1.130313754444227,,527,"Annualized_Return is the average daily high-minus-low return differential multiplied by 365. This is a descriptive factor spread, not a compounded investable portfolio and is not assumed directly shortable.",Color_Diversity,75.69672164347384
