Market_Name,Current_Steam_Ask,Current_Steam_Bid,Current_Steam_Median,Steam_Buy_Order_Count,Steam_Sell_Order_Count,Icon_URL,Updated_At
Sawed-Off | Morris (Factory New),1.23,1.22,1.15,7986.0,78.0,https://community.fastly.steamstatic.com/economy/image/i0CoZ81Ui0m-9KwlBY1L_18myuGuq1wfhWSaZgMttyVfPaERSR0Wqmu7LAocGIGz3UqlXOLrxM-vMGmW8VNxu5Dx60noTyLin4Hl-S1d6c2veZt-IeeWCiqfx-hJtu1mWCyhqhEutDWR1NypJSnDPQF2C8N2EOEL4xjqkd20Ze7q4APW3dkWxSit2i4a7Ctp4LkcEf1yx89MV8Y,2026-10-05T18:47:02.199342Z
AUG | Triqua (Factory New),1.32,1.3,1.44,8564.0,226.0,https://community.fastly.steamstatic.com/economy/image/i0CoZ81Ui0m-9KwlBY1L_18myuGuq1wfhWSaZgMttyVfPaERSR0Wqmu7LAocGIGz3UqlXOLrxM-vMGmW8VNxu5Dx60noTyLwi5Hf_jdk7uepV6t_If6UC1iE0-d3vuZlSha_nBovp3OGyd-hdXzDZwApApYjF7UJtUK5l9LnYe_g4wDWjd5NmHqojnxJuCw-_a9cBrjnwKiq,2026-10-05T18:47:02.199342Z
G3SG1 | Hunter (Factory New),1.12,1.09,1.02,7580.0,87.0,https://community.fastly.steamstatic.com/economy/image/i0CoZ81Ui0m-9KwlBY1L_18myuGuq1wfhWSaZgMttyVfPaERSR0Wqmu7LAocGIGz3UqlXOLrxM-vMGmW8VNxu5Dx60noTyL2zYXnrB1c_M2pO7dqcc-QC3OdxNFkteV8Vxa_nBovp3Pdw9arJCrCP1N1DZFyR7EDskO4wd3mYr_ltVHa2oNNziWshn5Nunlp_a9cBi4_3bmx,2026-10-05T18:47:02.199342Z
Glock-18 | Off World (Factory New),7.87,7.45,7.56,11337.0,184.0,https://community.fastly.steamstatic.com/economy/image/i0CoZ81Ui0m-9KwlBY1L_18myuGuq1wfhWSaZgMttyVfPaERSR0Wqmu7LAocGIGz3UqlXOLrxM-vMGmW8VNxu5Dx60noTyL2kpnj9h1Y-s2pZKtuK8-aAGOZxuFJvOhuRz39xRly4WSDm4z9dHvCOg8iC5pxQrZethbsk4C1MbnnsQTag4pFyy_9hzQJsHjSW_TM0g,2026-10-05T18:47:02.199342Z
MAC-10 | Oceanic (Factory New),1.04,0.94,1.01,22352.0,367.0,https://community.fastly.steamstatic.com/economy/image/i0CoZ81Ui0m-9KwlBY1L_18myuGuq1wfhWSaZgMttyVfPaERSR0Wqmu7LAocGIGz3UqlXOLrxM-vMGmW8VNxu5Dx60noTyL8n5WxrR1a4s2jaac8cM-cDWKRz-dJvOhuRz39lh4h52qGm9z7cCjBZ1IpCJp5QbRZtxXql9LnPrnr5wLXiY5EzX_2jjQJsHjZHPDEEg,2026-10-05T18:47:02.199342Z
Tec-9 | Cracked Opal (Factory New),9.37,9.27,9.26,9475.0,96.0,https://community.fastly.steamstatic.com/economy/image/i0CoZ81Ui0m-9KwlBY1L_18myuGuq1wfhWSaZgMttyVfPaERSR0Wqmu7LAocGIGz3UqlXOLrxM-vMGmW8VNxu5Dx60noTyLlm5W5wiFO0Oara_1SI-KSDWyVxdF5oOBlcCW6khUz_WvSwo2geHiUbFAkD8EkTOFetxi4w9ThZLnm5lfdj4JDznmqjixA6Sd1o7FVGUODCFM,2026-10-05T18:47:02.199342Z
SCAR-20 | Jungle Slipstream (Factory New),0.49,0.42,0.54,22258.0,320.0,https://community.fastly.steamstatic.com/economy/image/i0CoZ81Ui0m-9KwlBY1L_18myuGuq1wfhWSaZgMttyVfPaERSR0Wqmu7LAocGIGz3UqlXOLrxM-vMGmW8VNxu5Dx60noTyLinZfyr3Jk5-uRe6dsMqLDMW2Fz-l6td56QyCjhgk1tjyIpYPwJiPTcFIgX5tyFOEJtxm_wdDkZOrq5gHcjIIRzyX_hiJP7io55O9WUKUgr_fJz1aWgsoiFrs,2026-10-05T18:47:02.199342Z
MP9 | Goo (Factory New),3.77,3.63,3.8,9337.0,204.0,https://community.fastly.steamstatic.com/economy/image/i0CoZ81Ui0m-9KwlBY1L_18myuGuq1wfhWSaZgMttyVfPaERSR0Wqmu7LAocGIGz3UqlXOLrxM-vMGmW8VNxu5Dx60noTyL8js_f_jdk4uL3V6NiL8-fB2CY1aAv5LYwSn23xE4l5GrXn9aqIH-SZlMiD8MjEbYK4UW_x9TmM-Lh4FHYlcsbmqGCM0DC,2026-10-05T18:47:02.199342Z
SG 553 | Phantom (Factory New),2.77,2.69,2.7,9107.0,224.0,https://community.fastly.steamstatic.com/economy/image/i0CoZ81Ui0m-9KwlBY1L_18myuGuq1wfhWSaZgMttyVfPaERSR0Wqmu7LAocGIGz3UqlXOLrxM-vMGmW8VNxu5Dx60noTyLimcO1qx1c_M29b_E4c8-DBmae1eF7j-1gSCGn204k5WXSz4ysJSnDPQ5xDsZ0Ru4PtUKxw9XhMO-0tAON3YpMyS-v23lXrnE80YpLcJc,2026-10-05T18:47:02.199342Z
CZ75-Auto | Tacticat (Factory New),3.41,3.39,3.59,10932.0,190.0,https://community.fastly.steamstatic.com/economy/image/i0CoZ81Ui0m-9KwlBY1L_18myuGuq1wfhWSaZgMttyVfPaERSR0Wqmu7LAocGIGz3UqlXOLrxM-vMGmW8VNxu5Dx60noTyLyhMG1_B1c_M2tcvM4H-SSDXOZwu9ij-1gSCGn2x4k5zvVm9z8IH7FZwFyCJckR7NfshSwwNGyMLzn41fejINHn3r6jy5XrnE8D8_CCNo,2026-10-05T18:47:02.199342Z
UMP-45 | Exposure (Factory New),2.53,2.43,2.81,12916.0,205.0,https://community.fastly.steamstatic.com/economy/image/i0CoZ81Ui0m-9KwlBY1L_18myuGuq1wfhWSaZgMttyVfPaERSR0Wqmu7LAocGIGz3UqlXOLrxM-vMGmW8VNxu5Dx60noTyLkk4a0qB1Y-s27ZbQ5dc-LQ3WR2NF7seJhRie2qhEutDWR1Nutci2WbwBzWZFyF-Fetka_ltbgM7nh5AKKiYoRmXr73H4b7ilvsekcEf1y88bI5DM,2026-10-05T18:47:02.199342Z
XM1014 | Ziggy (Factory New),3.81,3.77,3.88,5983.0,122.0,https://community.fastly.steamstatic.com/economy/image/i0CoZ81Ui0m-9KwlBY1L_18myuGuq1wfhWSaZgMttyVfPaERSR0Wqmu7LAocGIGz3UqlXOLrxM-vMGmW8VNxu5Dx60noTyLpk8ewrHZk7uORcKk8cKHHMX2Zxulvj-BnTjuwnQQYvzSCkpu3In6XPA4lAsZ5E-JbukWwwd3nY-zn4gLe2thNmCiv2ixK6SZs5ucHVb1lpPO5jVz-xA,2026-10-05T18:47:18.469151Z
PP-Bizon | High Roller (Factory New),31.0,25.11,29.99,1596.0,41.0,https://community.akamai.steamstatic.com/economy/image/i0CoZ81Ui0m-9KwlBY1L_18myuGuq1wfhWSaZgMttyVfPaERSR0Wqmu7LAocGIGz3UqlXOLrxM-vMGmW8VNxu5Dx60noTyLzl4zv8x1Y-s2sYb5iLs-SAmuvyOBJvOhuRz39kEx1smnczomgJX2XbA4hC8BzRe9etxntldblMuyx5wfc2ooWni7_3DQJsHhZ08njvA,2026-10-05T18:47:02.199342Z
M4A1-S | Leaded Glass (Factory New),51.92,49.63,47.86,3970.0,90.0,https://community.fastly.steamstatic.com/economy/image/i0CoZ81Ui0m-9KwlBY1L_18myuGuq1wfhWSaZgMttyVfPaERSR0Wqmu7LAocGIGz3UqlXOLrxM-vMGmW8VNxu5Dx60noTyL8ypexwjFS4_ega6F_H_eAMWrEwL9Jo-loWz22hyIrujqNjsH8dn6ePwB2DpEmFuAMt0HulYa1Nu2z4QWPjt9NnCX63H9M5ys96r1QT-N7rZDTLd1E,2026-10-05T18:47:03.659791Z
R8 Revolver | Llama Cannon (Factory New),38.79,29.15,28.72,1267.0,19.0,https://community.fastly.steamstatic.com/economy/image/i0CoZ81Ui0m-9KwlBY1L_18myuGuq1wfhWSaZgMttyVfPaERSR0Wqmu7LAocGIGz3UqlXOLrxM-vMGmW8VNxu5Dx60noTyLjm4Dv8TRe_c2pe5t_eM-fAmadwO13vu9mQRa_nBovp3OEz9n7JH-UPwEoA5t2TLFYtBmxlNzhYuOztgHZjo9Mzyqq3C9O63o5_a9cBr5nn1G8,2026-10-05T18:47:02.199342Z
AK-47 | The Empress (Factory New),315.0,314.09,330.34,1781.0,33.0,https://community.fastly.steamstatic.com/economy/image/i0CoZ81Ui0m-9KwlBY1L_18myuGuq1wfhWSaZgMttyVfPaERSR0Wqmu7LAocGIGz3UqlXOLrxM-vMGmW8VNxu5Dx60noTyLwlcK3wiVI0POlPPNSJf2DHGKD0tF6ueZhW2exxEt152rWzI7_Ii-Ubw90DMB0Ee4C5xOwx9GxZbjk71PXgogWn36tkGoXudZeYvlo,2026-10-05T18:47:11.754135Z
P250 | See Ya Later (Factory New),162.0,134.66,159.11,2034.0,38.0,https://community.fastly.steamstatic.com/economy/image/i0CoZ81Ui0m-9KwlBY1L_18myuGuq1wfhWSaZgMttyVfPaERSR0Wqmu7LAocGIGz3UqlXOLrxM-vMGmW8VNxu5Dx60noTyLhzMOwwiFO0OL8PfRSI-mRC3WT0-F1j-1gSCGn2x9ytmzWnN6pInjGOwMlDZp0EORe5BHsx93lP7zr5wzbiI5AyXr_jS9XrnE8gQrIgng,2026-10-05T18:47:02.199342Z
