Market_Name,Start_Date,End_Date,Total_Return,Annualized_Return,Annualized_Volatility,Sharpe_Ratio,Max_Drawdown,Average_Daily_Return,Positive_Day_Percentage,Observations,Winsorized_Observations,Robustness_Note
AK-47 | The Empress (Factory New),2023-09-30,2026-09-22,0.3391377756398899,0.1029277847245591,1.5064379863782689,0.8090391648780126,-0.6079916036074979,0.0034920713114998956,0.5265888456549935,771,5,Daily returns are pooled 1st/99th percentile winsorized. Total and annualized returns are synthetic compounded-return robustness measures.
AUG | Triqua (Factory New),2023-09-30,2026-09-28,3.825326517091165,0.6906375112275469,1.6581073103014154,1.0945923674691196,-0.7792391305524776,0.005122133777475271,0.4454628780934922,1091,14,Daily returns are pooled 1st/99th percentile winsorized. Total and annualized returns are synthetic compounded-return robustness measures.
CZ75-Auto | Tacticat (Factory New),2023-09-30,2026-09-28,2.148042875736638,0.46610574439147223,1.641835078767035,0.9943802865274936,-0.6931629908604222,0.004622202518006761,0.47296058661778184,1091,15,Daily returns are pooled 1st/99th percentile winsorized. Total and annualized returns are synthetic compounded-return robustness measures.
G3SG1 | Hunter (Factory New),2023-09-30,2026-09-28,2.089855240242053,0.4570081847361649,2.4953638720894613,1.3505048288608217,-0.7458851503168682,0.00938222295464425,0.46831955922865015,1089,60,Daily returns are pooled 1st/99th percentile winsorized. Total and annualized returns are synthetic compounded-return robustness measures.
Glock-18 | Off World (Factory New),2023-09-30,2026-09-28,4.198845088534176,0.7332202597500455,1.6713569287633327,1.1048826913446461,-0.7669864576215842,0.005209075063680828,0.463302752293578,1090,21,Daily returns are pooled 1st/99th percentile winsorized. Total and annualized returns are synthetic compounded-return robustness measures.
M4A1-S | Leaded Glass (Factory New),2023-09-30,2026-09-28,3.933853616500337,0.7032299891350116,1.0890691852311691,0.983946989361277,-0.8757011005278604,0.0030754889193330055,0.5101663585951941,1082,2,Daily returns are pooled 1st/99th percentile winsorized. Total and annualized returns are synthetic compounded-return robustness measures.
MAC-10 | Oceanic (Factory New),2023-09-30,2026-09-28,4.818919308827752,0.7996186551749458,1.6210650797674224,1.1193889473159133,-0.751055668741347,0.005098686272365333,0.3923006416131989,1091,18,Daily returns are pooled 1st/99th percentile winsorized. Total and annualized returns are synthetic compounded-return robustness measures.
MP9 | Goo (Factory New),2023-09-30,2026-09-28,0.16333537243280594,0.051772143658549874,1.332844172968929,0.6595830545921708,-0.8914565023164778,0.0025276463403638995,0.49587534372135655,1091,7,Daily returns are pooled 1st/99th percentile winsorized. Total and annualized returns are synthetic compounded-return robustness measures.
P250 | See Ya Later (Factory New),2023-09-30,2026-09-22,24.246374893551984,1.9539751849745906,1.4346295763180112,1.443146342240976,-0.46353116560968766,0.005790869173050342,0.5284780578898226,1071,2,Daily returns are pooled 1st/99th percentile winsorized. Total and annualized returns are synthetic compounded-return robustness measures.
PP-Bizon | High Roller (Factory New),2023-09-30,2026-09-28,0.6894850821422278,0.19120776420355745,1.9495874096018229,1.0371512241661907,-0.5962065316179342,0.00565969834659355,0.5289169295478444,951,17,Daily returns are pooled 1st/99th percentile winsorized. Total and annualized returns are synthetic compounded-return robustness measures.
R8 Revolver | Llama Cannon (Factory New),2023-09-30,2026-09-28,3.7371652701436924,0.6802684422599243,2.3470859192635913,1.4358847898655658,-0.6813259060277016,0.00935372307300664,0.5124508519003932,763,24,Daily returns are pooled 1st/99th percentile winsorized. Total and annualized returns are synthetic compounded-return robustness measures.
SCAR-20 | Jungle Slipstream (Factory New),2023-09-30,2026-09-28,2.074571535615025,0.45459969302080805,1.6977601932044135,1.014123616738966,-0.7085349032199555,0.004830339707970995,0.3926605504587156,1090,23,Daily returns are pooled 1st/99th percentile winsorized. Total and annualized returns are synthetic compounded-return robustness measures.
SG 553 | Phantom (Factory New),2023-09-30,2026-09-28,1.2314198752767807,0.3070733975823341,1.6668164434094308,0.945164893242543,-0.7145557655954633,0.0044219133715238616,0.4738771769019248,1091,18,Daily returns are pooled 1st/99th percentile winsorized. Total and annualized returns are synthetic compounded-return robustness measures.
Sawed-Off | Morris (Factory New),2023-09-30,2026-09-28,6.11865079961802,0.9248295712285808,2.7693502013644054,1.559541947669095,-0.6148269336207013,0.01193323229101671,0.4506517690875233,1074,69,Daily returns are pooled 1st/99th percentile winsorized. Total and annualized returns are synthetic compounded-return robustness measures.
Tec-9 | Cracked Opal (Factory New),2023-09-30,2026-09-28,15.40279629410588,1.542979191969081,1.7386683124133318,1.3679064007061787,-0.7751529763222327,0.006617484389729859,0.47571035747021084,1091,17,Daily returns are pooled 1st/99th percentile winsorized. Total and annualized returns are synthetic compounded-return robustness measures.
UMP-45 | Exposure (Factory New),2023-09-30,2026-09-28,2.0009965301489365,0.44289230351176045,1.4176586149193122,0.9196883317474187,-0.6200437935018916,0.0036755207446076852,0.4821264894592117,1091,13,Daily returns are pooled 1st/99th percentile winsorized. Total and annualized returns are synthetic compounded-return robustness measures.
XM1014 | Ziggy (Factory New),2023-09-30,2026-09-28,1.938620608692661,0.43281618855046666,1.878218938353673,1.092117054205454,-0.7025946847355833,0.00572765233026906,0.5013774104683195,1089,31,Daily returns are pooled 1st/99th percentile winsorized. Total and annualized returns are synthetic compounded-return robustness measures.
