Market_Name,Start_Date,End_Date,Start_Price,End_Price,Total_Return,Annualized_Return,Annualized_Volatility,Sharpe_Ratio,Max_Drawdown,Average_Daily_Return,Positive_Day_Percentage,Average_Daily_Volume,Total_Volume,Observed_Days,Expected_Days,Missing_Days,Coverage_Percent,Observations,Gross_Return_Note
AK-47 | The Empress (Factory New),2023-09-29,2026-09-24,171.36,332.19,0.938550420168067,0.24789209040326887,1.5663683227606133,0.8041004291645212,-0.6667996575772394,0.003580088185185718,0.5265888456549935,6.488888888888889,5840.0,900,1092,192,0.8241758241758241,771,"Price return before Steam fees, bid-ask spread, slippage, and taxes."
AUG | Triqua (Factory New),2023-09-29,2026-09-28,0.47,1.6,2.4042553191489366,0.5043216582443817,5.322212423526911,0.9909244528791603,-0.8977635782747604,0.014573397867409982,0.4454628780934922,53.212979890310784,58215.0,1094,1096,2,0.9981751824817519,1091,"Price return before Steam fees, bid-ask spread, slippage, and taxes."
CZ75-Auto | Tacticat (Factory New),2023-09-29,2026-09-28,1.76,3.85,1.1875,0.2981235254627761,4.601634878387811,0.8521825907704266,-0.9173867727898148,0.010868039160683664,0.47296058661778184,58.822669104204756,64352.0,1094,1096,2,0.9981751824817519,1091,"Price return before Steam fees, bid-ask spread, slippage, and taxes."
G3SG1 | Hunter (Factory New),2023-09-29,2026-09-28,0.36,1.17,2.25,0.4812480342036851,5.252401141829465,1.6256625761178332,-0.8377358490566038,0.02351790586152461,0.46831955922865015,25.294602012808785,27647.0,1093,1096,3,0.9972627737226277,1089,"Price return before Steam fees, bid-ask spread, slippage, and taxes."
Glock-18 | Off World (Factory New),2023-09-29,2026-09-28,0.92,7.24,6.869565217391305,0.9890708200839116,5.9924978997609735,1.1386275185524606,-0.8776470588235293,0.018818082188069286,0.463302752293578,65.2387923147301,71306.0,1093,1096,3,0.9972627737226277,1090,"Price return before Steam fees, bid-ask spread, slippage, and taxes."
M4A1-S | Leaded Glass (Factory New),2023-09-29,2026-09-28,15.09,55.2,2.658051689860835,0.5408130425769875,1.1206937205665903,0.9777330046617364,-0.8921201676674656,0.0031265552413205326,0.5101663585951941,45.21028466483012,49234.0,1089,1096,7,0.9936131386861314,1082,"Price return before Steam fees, bid-ask spread, slippage, and taxes."
MAC-10 | Oceanic (Factory New),2023-09-29,2026-09-28,0.27,1.23,3.5555555555555554,0.6577299444228635,5.389515609664725,0.8826746630074389,-0.9058295964125562,0.01315773410866431,0.3923006416131989,153.4963436928702,167925.0,1094,1096,2,0.9981751824817519,1091,"Price return before Steam fees, bid-ask spread, slippage, and taxes."
MP9 | Goo (Factory New),2023-09-29,2026-09-28,1.6,4.69,1.93125,0.43114713892457046,1.4224138232159953,0.7518037768045024,-0.8953288002803549,0.0030541638567380507,0.49587534372135655,65.345521023766,71488.0,1094,1096,2,0.9981751824817519,1091,"Price return before Steam fees, bid-ask spread, slippage, and taxes."
P250 | See Ya Later (Factory New),2023-09-29,2026-09-27,12.95,145.12,10.206177606177608,1.2394374090585143,1.4689960362323693,1.4475518160190388,-0.46353116560968766,0.005950649953192594,0.5284780578898226,23.327171903881702,25240.0,1082,1095,13,0.9881278538812786,1071,"Price return before Steam fees, bid-ask spread, slippage, and taxes."
PP-Bizon | High Roller (Factory New),2023-09-29,2026-09-28,13.33,25.03,0.8777194298574644,0.23370189947474862,2.3586581325929368,1.0762219070521595,-0.8529179401113527,0.007080494860603162,0.5289169295478444,3.8828740157480315,3945.0,1016,1096,80,0.927007299270073,951,"Price return before Steam fees, bid-ask spread, slippage, and taxes."
R8 Revolver | Llama Cannon (Factory New),2023-09-29,2026-09-28,13.82,34.39,1.4884225759768452,0.35511050164337865,4.975751093570225,1.413546541344199,-0.9056497301450156,0.01939734738946752,0.5124508519003932,5.22992299229923,4754.0,909,1096,187,0.8293795620437956,763,"Price return before Steam fees, bid-ask spread, slippage, and taxes."
SCAR-20 | Jungle Slipstream (Factory New),2023-09-29,2026-09-28,0.25,0.46,0.8400000000000001,0.22538513504568325,2.265352789700289,1.1107454473265466,-0.7470686767169181,0.007018188930257882,0.3926605504587156,97.79322964318389,106888.0,1093,1096,3,0.9972627737226277,1090,"Price return before Steam fees, bid-ask spread, slippage, and taxes."
SG 553 | Phantom (Factory New),2023-09-29,2026-09-28,1.58,3.41,1.1582278481012658,0.2923072001166871,14.949399876518385,0.6700869158984335,-0.9751011163242194,0.027569307281225735,0.4738771769019248,50.016453382084094,54718.0,1094,1096,2,0.9981751824817519,1091,"Price return before Steam fees, bid-ask spread, slippage, and taxes."
Sawed-Off | Morris (Factory New),2023-09-29,2026-09-28,0.3,1.28,3.2666666666666666,0.6219205321529067,6.806105642616828,1.8588000612768472,-0.9138321995464853,0.034785212897411114,0.4506517690875233,20.52258064516129,22267.0,1085,1096,11,0.989963503649635,1074,"Price return before Steam fees, bid-ask spread, slippage, and taxes."
Tec-9 | Cracked Opal (Factory New),2023-09-29,2026-09-28,0.42,8.94,20.285714285714285,1.771379984876173,1.9715472901323368,1.4026162244245661,-0.763374485596708,0.007700620825411833,0.47571035747021084,35.306215722120655,38625.0,1094,1096,2,0.9981751824817519,1091,"Price return before Steam fees, bid-ask spread, slippage, and taxes."
UMP-45 | Exposure (Factory New),2023-09-29,2026-09-28,1.66,2.85,0.7168674698795181,0.19741747154443634,1.9951125662493154,0.9020256190414422,-0.7583108715184187,0.005054888972621185,0.4821264894592117,59.784277879341865,65404.0,1094,1096,2,0.9981751824817519,1091,"Price return before Steam fees, bid-ask spread, slippage, and taxes."
XM1014 | Ziggy (Factory New),2023-09-29,2026-09-28,1.79,3.93,1.1955307262569832,0.29971013779150835,2.7062050925993972,1.232680436218117,-0.7982122165204437,0.009263829891222482,0.5013774104683195,32.87271062271062,35897.0,1092,1096,4,0.9963503649635036,1089,"Price return before Steam fees, bid-ask spread, slippage, and taxes."
