Market_Name,Annualized_Volatility_Raw,Sharpe_Ratio_Raw,Max_Drawdown_Raw,Annualized_Volatility_Winsorized,Sharpe_Ratio_Winsorized,Max_Drawdown_Winsorized
AK-47 | The Empress (Factory New),1.5663683227606133,0.8041004291645212,-0.6667996575772394,1.5064379863782689,0.8090391648780126,-0.6079916036074979
AUG | Triqua (Factory New),5.322212423526911,0.9909244528791603,-0.8977635782747604,1.6581073103014154,1.0945923674691196,-0.7792391305524776
CZ75-Auto | Tacticat (Factory New),4.601634878387811,0.8521825907704266,-0.9173867727898148,1.641835078767035,0.9943802865274936,-0.6931629908604222
G3SG1 | Hunter (Factory New),5.252401141829465,1.6256625761178332,-0.8377358490566038,2.4953638720894613,1.3505048288608217,-0.7458851503168682
Glock-18 | Off World (Factory New),5.9924978997609735,1.1386275185524606,-0.8776470588235293,1.6713569287633327,1.1048826913446461,-0.7669864576215842
M4A1-S | Leaded Glass (Factory New),1.1206937205665903,0.9777330046617364,-0.8921201676674656,1.0890691852311691,0.983946989361277,-0.8757011005278604
MAC-10 | Oceanic (Factory New),5.389515609664725,0.8826746630074389,-0.9058295964125562,1.6210650797674224,1.1193889473159133,-0.751055668741347
MP9 | Goo (Factory New),1.4224138232159953,0.7518037768045024,-0.8953288002803549,1.332844172968929,0.6595830545921708,-0.8914565023164778
P250 | See Ya Later (Factory New),1.4689960362323693,1.4475518160190388,-0.46353116560968766,1.4346295763180112,1.443146342240976,-0.46353116560968766
PP-Bizon | High Roller (Factory New),2.3586581325929368,1.0762219070521595,-0.8529179401113527,1.9495874096018229,1.0371512241661907,-0.5962065316179342
R8 Revolver | Llama Cannon (Factory New),4.975751093570225,1.413546541344199,-0.9056497301450156,2.3470859192635913,1.4358847898655658,-0.6813259060277016
SCAR-20 | Jungle Slipstream (Factory New),2.265352789700289,1.1107454473265466,-0.7470686767169181,1.6977601932044135,1.014123616738966,-0.7085349032199555
SG 553 | Phantom (Factory New),14.949399876518385,0.6700869158984335,-0.9751011163242194,1.6668164434094308,0.945164893242543,-0.7145557655954633
Sawed-Off | Morris (Factory New),6.806105642616828,1.8588000612768472,-0.9138321995464853,2.7693502013644054,1.559541947669095,-0.6148269336207013
Tec-9 | Cracked Opal (Factory New),1.9715472901323368,1.4026162244245661,-0.763374485596708,1.7386683124133318,1.3679064007061787,-0.7751529763222327
UMP-45 | Exposure (Factory New),1.9951125662493154,0.9020256190414422,-0.7583108715184187,1.4176586149193122,0.9196883317474187,-0.6200437935018916
XM1014 | Ziggy (Factory New),2.7062050925993972,1.232680436218117,-0.7982122165204437,1.878218938353673,1.092117054205454,-0.7025946847355833
