Visual_Feature,Financial_Metric,N,Pearson_Correlation,Spearman_Correlation
Mean_Red,Total_Return,17,0.21250769151043794,0.22303921568627455
Mean_Red,Annualized_Return,17,0.16829312212708422,0.22303921568627455
Mean_Red,Annualized_Volatility,17,-0.06774288303576521,0.004901960784313726
Mean_Red,Sharpe_Ratio,17,0.03212893447784921,0.11764705882352941
Mean_Red,Max_Drawdown,17,0.14750857396236505,0.06862745098039216
Mean_Green,Total_Return,17,0.4055124019184961,0.18382352941176472
Mean_Green,Annualized_Return,17,0.35415060796675585,0.18382352941176472
Mean_Green,Annualized_Volatility,17,-0.369255202723573,-0.30147058823529416
Mean_Green,Sharpe_Ratio,17,-0.040684154560324245,0.019607843137254905
Mean_Green,Max_Drawdown,17,0.30655025684930215,0.17401960784313728
Mean_Blue,Total_Return,17,-0.0395596431764766,-0.002450980392156863
Mean_Blue,Annualized_Return,17,-0.053992914524266626,-0.002450980392156863
Mean_Blue,Annualized_Volatility,17,-0.3623507538384325,-0.37254901960784315
Mean_Blue,Sharpe_Ratio,17,-0.30785584745271793,-0.19117647058823534
Mean_Blue,Max_Drawdown,17,0.08931338641912188,0.014705882352941176
Mean_Hue,Total_Return,17,-0.036121978583021255,-0.04411764705882353
Mean_Hue,Annualized_Return,17,-0.03558818511178404,-0.04411764705882353
Mean_Hue,Annualized_Volatility,17,-0.12667810137181626,-0.32107843137254904
Mean_Hue,Sharpe_Ratio,17,-0.09511995920590965,-0.15441176470588236
Mean_Hue,Max_Drawdown,17,0.026886586779794674,0.009803921568627453
Mean_Saturation,Total_Return,17,0.43722193846353663,0.35539215686274517
Mean_Saturation,Annualized_Return,17,0.4877154285702346,0.35539215686274517
Mean_Saturation,Annualized_Volatility,17,0.06262050413764604,0.01715686274509804
Mean_Saturation,Sharpe_Ratio,17,0.421594910994163,0.25490196078431376
Mean_Saturation,Max_Drawdown,17,0.22916276827195092,0.33333333333333337
Mean_Brightness,Total_Return,17,0.39208688417702836,0.2573529411764706
Mean_Brightness,Annualized_Return,17,0.35643367834571216,0.2573529411764706
Mean_Brightness,Annualized_Volatility,17,-0.3615090391352775,-0.32598039215686275
Mean_Brightness,Sharpe_Ratio,17,-0.025942571845276697,0.002450980392156863
Mean_Brightness,Max_Drawdown,17,0.30643839503067205,0.20833333333333337
Std_Saturation,Total_Return,17,-0.11856885802549365,-0.11274509803921569
Std_Saturation,Annualized_Return,17,-0.04514775038929529,-0.11274509803921569
Std_Saturation,Annualized_Volatility,17,-0.15701910168717972,-0.15686274509803924
Std_Saturation,Sharpe_Ratio,17,-0.060446615026109284,-0.1936274509803922
Std_Saturation,Max_Drawdown,17,0.30951651949062586,0.26470588235294124
Std_Brightness,Total_Return,17,-0.2119376563239594,-0.16911764705882354
Std_Brightness,Annualized_Return,17,-0.22572716615424446,-0.16911764705882354
Std_Brightness,Annualized_Volatility,17,-0.2164381027955336,-0.2916666666666667
Std_Brightness,Sharpe_Ratio,17,-0.2750146050166969,-0.29656862745098045
Std_Brightness,Max_Drawdown,17,0.082780418197265,0.07352941176470588
Pixel_Contrast,Total_Return,17,-0.22403845931338687,-0.303921568627451
Pixel_Contrast,Annualized_Return,17,-0.2572829292666901,-0.303921568627451
Pixel_Contrast,Annualized_Volatility,17,0.03231591921997376,0.03186274509803922
Pixel_Contrast,Sharpe_Ratio,17,-0.13893468905846987,-0.13970588235294118
Pixel_Contrast,Max_Drawdown,17,0.10686630405008686,0.04166666666666667
Color_Diversity,Total_Return,17,-0.11511195017070082,0.06617647058823531
Color_Diversity,Annualized_Return,17,-0.06337248983964404,0.06617647058823531
Color_Diversity,Annualized_Volatility,17,0.19396717827425528,0.08823529411764706
Color_Diversity,Sharpe_Ratio,17,0.15219631445658907,0.07352941176470588
Color_Diversity,Max_Drawdown,17,0.1523861798467823,0.3970588235294118
Edge_Density,Total_Return,17,0.2802983076821615,-0.16666666666666669
Edge_Density,Annualized_Return,17,0.15210322587176603,-0.16666666666666669
Edge_Density,Annualized_Volatility,17,-0.1264880792198456,-0.056372549019607844
Edge_Density,Sharpe_Ratio,17,0.04399648435393695,-0.04166666666666667
Edge_Density,Max_Drawdown,17,0.44880242815120086,0.4607843137254902
Dominant_Saturation,Total_Return,17,0.33229823925501595,0.42156862745098045
Dominant_Saturation,Annualized_Return,17,0.3641509020883285,0.42156862745098045
Dominant_Saturation,Annualized_Volatility,17,-0.027831489719558625,0.056372549019607844
Dominant_Saturation,Sharpe_Ratio,17,0.21774499848262124,0.24264705882352944
Dominant_Saturation,Max_Drawdown,17,0.19332051556705102,0.08823529411764706
Dominant_Brightness,Total_Return,17,0.37458824810235347,0.2526058108148031
Dominant_Brightness,Annualized_Return,17,0.33515508792942034,0.2526058108148031
Dominant_Brightness,Annualized_Volatility,17,-0.2933121305868488,-0.20968734781228798
Dominant_Brightness,Sharpe_Ratio,17,-1.787590511907474e-05,0.09196813500538946
Dominant_Brightness,Max_Drawdown,17,0.3004123645387548,0.1729000938101322
