Date,DGS3MO,Risk_Free_Annual,Risk_Free_Daily
2023-09-29,5.55,0.0555,0.00015205479452054795
2023-10-02,5.62,0.0562,0.00015397260273972602
2023-10-03,5.62,0.0562,0.00015397260273972602
2023-10-04,5.61,0.056100000000000004,0.0001536986301369863
2023-10-05,5.61,0.056100000000000004,0.0001536986301369863
2023-10-06,5.63,0.056299999999999996,0.00015424657534246575
2023-10-10,5.61,0.056100000000000004,0.0001536986301369863
2023-10-11,5.61,0.056100000000000004,0.0001536986301369863
2023-10-12,5.63,0.056299999999999996,0.00015424657534246575
2023-10-13,5.62,0.0562,0.00015397260273972602
2023-10-16,5.61,0.056100000000000004,0.0001536986301369863
2023-10-17,5.62,0.0562,0.00015397260273972602
2023-10-18,5.61,0.056100000000000004,0.0001536986301369863
2023-10-19,5.6,0.055999999999999994,0.00015342465753424655
2023-10-20,5.58,0.0558,0.00015287671232876713
2023-10-23,5.58,0.0558,0.00015287671232876713
2023-10-24,5.58,0.0558,0.00015287671232876713
2023-10-25,5.59,0.0559,0.00015315068493150684
2023-10-26,5.59,0.0559,0.00015315068493150684
2023-10-27,5.59,0.0559,0.00015315068493150684
2023-10-30,5.6,0.055999999999999994,0.00015342465753424655
2023-10-31,5.59,0.0559,0.00015315068493150684
2023-11-01,5.57,0.0557,0.0001526027397260274
2023-11-02,5.54,0.0554,0.00015178082191780821
2023-11-03,5.53,0.0553,0.0001515068493150685
2023-11-06,5.56,0.0556,0.00015232876712328766
2023-11-07,5.55,0.0555,0.00015205479452054795
2023-11-08,5.54,0.0554,0.00015178082191780821
2023-11-09,5.54,0.0554,0.00015178082191780821
2023-11-10,5.53,0.0553,0.0001515068493150685
2023-11-13,5.55,0.0555,0.00015205479452054795
2023-11-14,5.52,0.0552,0.00015123287671232877
2023-11-15,5.53,0.0553,0.0001515068493150685
2023-11-16,5.51,0.055099999999999996,0.00015095890410958903
2023-11-17,5.5,0.055,0.00015068493150684933
2023-11-20,5.54,0.0554,0.00015178082191780821
2023-11-21,5.53,0.0553,0.0001515068493150685
2023-11-22,5.54,0.0554,0.00015178082191780821
2023-11-24,5.54,0.0554,0.00015178082191780821
2023-11-27,5.49,0.054900000000000004,0.0001504109589041096
2023-11-28,5.47,0.0547,0.00014986301369863015
2023-11-29,5.45,0.0545,0.00014931506849315067
2023-11-30,5.45,0.0545,0.00014931506849315067
2023-12-01,5.43,0.054299999999999994,0.0001487671232876712
2023-12-04,5.46,0.0546,0.0001495890410958904
2023-12-05,5.45,0.0545,0.00014931506849315067
2023-12-06,5.45,0.0545,0.00014931506849315067
2023-12-07,5.44,0.054400000000000004,0.00014904109589041097
2023-12-08,5.44,0.054400000000000004,0.00014904109589041097
2023-12-11,5.47,0.0547,0.00014986301369863015
2023-12-12,5.46,0.0546,0.0001495890410958904
2023-12-13,5.44,0.054400000000000004,0.00014904109589041097
2023-12-14,5.43,0.054299999999999994,0.0001487671232876712
2023-12-15,5.44,0.054400000000000004,0.00014904109589041097
2023-12-18,5.46,0.0546,0.0001495890410958904
2023-12-19,5.43,0.054299999999999994,0.0001487671232876712
2023-12-20,5.44,0.054400000000000004,0.00014904109589041097
2023-12-21,5.42,0.0542,0.0001484931506849315
2023-12-22,5.44,0.054400000000000004,0.00014904109589041097
2023-12-26,5.45,0.0545,0.00014931506849315067
2023-12-27,5.44,0.054400000000000004,0.00014904109589041097
2023-12-28,5.45,0.0545,0.00014931506849315067
2023-12-29,5.4,0.054000000000000006,0.00014794520547945208
2024-01-02,5.46,0.0546,0.0001495890410958904
2024-01-03,5.48,0.0548,0.00015013698630136985
2024-01-04,5.48,0.0548,0.00015013698630136985
2024-01-05,5.47,0.0547,0.00014986301369863015
2024-01-08,5.49,0.054900000000000004,0.0001504109589041096
2024-01-09,5.47,0.0547,0.00014986301369863015
2024-01-10,5.46,0.0546,0.0001495890410958904
2024-01-11,5.46,0.0546,0.0001495890410958904
2024-01-12,5.45,0.0545,0.00014931506849315067
2024-01-16,5.45,0.0545,0.00014931506849315067
2024-01-17,5.47,0.0547,0.00014986301369863015
2024-01-18,5.45,0.0545,0.00014931506849315067
2024-01-19,5.45,0.0545,0.00014931506849315067
2024-01-22,5.46,0.0546,0.0001495890410958904
2024-01-23,5.45,0.0545,0.00014931506849315067
2024-01-24,5.44,0.054400000000000004,0.00014904109589041097
2024-01-25,5.44,0.054400000000000004,0.00014904109589041097
2024-01-26,5.44,0.054400000000000004,0.00014904109589041097
2024-01-29,5.42,0.0542,0.0001484931506849315
2024-01-30,5.42,0.0542,0.0001484931506849315
2024-01-31,5.42,0.0542,0.0001484931506849315
2024-02-01,5.42,0.0542,0.0001484931506849315
2024-02-02,5.43,0.054299999999999994,0.0001487671232876712
2024-02-05,5.42,0.0542,0.0001484931506849315
2024-02-06,5.44,0.054400000000000004,0.00014904109589041097
2024-02-07,5.43,0.054299999999999994,0.0001487671232876712
2024-02-08,5.44,0.054400000000000004,0.00014904109589041097
2024-02-09,5.44,0.054400000000000004,0.00014904109589041097
2024-02-12,5.43,0.054299999999999994,0.0001487671232876712
2024-02-13,5.45,0.0545,0.00014931506849315067
2024-02-14,5.43,0.054299999999999994,0.0001487671232876712
2024-02-15,5.43,0.054299999999999994,0.0001487671232876712
2024-02-16,5.44,0.054400000000000004,0.00014904109589041097
2024-02-20,5.44,0.054400000000000004,0.00014904109589041097
2024-02-21,5.44,0.054400000000000004,0.00014904109589041097
2024-02-22,5.45,0.0545,0.00014931506849315067
2024-02-23,5.46,0.0546,0.0001495890410958904
2024-02-26,5.47,0.0547,0.00014986301369863015
2024-02-27,5.45,0.0545,0.00014931506849315067
2024-02-28,5.45,0.0545,0.00014931506849315067
2024-02-29,5.45,0.0545,0.00014931506849315067
2024-03-01,5.42,0.0542,0.0001484931506849315
2024-03-04,5.48,0.0548,0.00015013698630136985
2024-03-05,5.47,0.0547,0.00014986301369863015
2024-03-06,5.47,0.0547,0.00014986301369863015
2024-03-07,5.47,0.0547,0.00014986301369863015
2024-03-08,5.46,0.0546,0.0001495890410958904
2024-03-11,5.48,0.0548,0.00015013698630136985
2024-03-12,5.48,0.0548,0.00015013698630136985
2024-03-13,5.48,0.0548,0.00015013698630136985
2024-03-14,5.48,0.0548,0.00015013698630136985
2024-03-15,5.48,0.0548,0.00015013698630136985
2024-03-18,5.48,0.0548,0.00015013698630136985
2024-03-19,5.48,0.0548,0.00015013698630136985
2024-03-20,5.47,0.0547,0.00014986301369863015
2024-03-21,5.48,0.0548,0.00015013698630136985
2024-03-22,5.46,0.0546,0.0001495890410958904
2024-03-25,5.46,0.0546,0.0001495890410958904
2024-03-26,5.46,0.0546,0.0001495890410958904
2024-03-27,5.45,0.0545,0.00014931506849315067
2024-03-28,5.46,0.0546,0.0001495890410958904
2024-04-01,5.44,0.054400000000000004,0.00014904109589041097
2024-04-02,5.42,0.0542,0.0001484931506849315
2024-04-03,5.42,0.0542,0.0001484931506849315
2024-04-04,5.41,0.0541,0.00014821917808219179
2024-04-05,5.43,0.054299999999999994,0.0001487671232876712
2024-04-08,5.43,0.054299999999999994,0.0001487671232876712
2024-04-09,5.43,0.054299999999999994,0.0001487671232876712
2024-04-10,5.45,0.0545,0.00014931506849315067
2024-04-11,5.45,0.0545,0.00014931506849315067
2024-04-12,5.45,0.0545,0.00014931506849315067
2024-04-15,5.45,0.0545,0.00014931506849315067
2024-04-16,5.45,0.0545,0.00014931506849315067
2024-04-17,5.45,0.0545,0.00014931506849315067
2024-04-18,5.46,0.0546,0.0001495890410958904
2024-04-19,5.45,0.0545,0.00014931506849315067
2024-04-22,5.42,0.0542,0.0001484931506849315
2024-04-23,5.45,0.0545,0.00014931506849315067
2024-04-24,5.46,0.0546,0.0001495890410958904
2024-04-25,5.47,0.0547,0.00014986301369863015
2024-04-26,5.46,0.0546,0.0001495890410958904
2024-04-29,5.45,0.0545,0.00014931506849315067
2024-04-30,5.46,0.0546,0.0001495890410958904
2024-05-01,5.46,0.0546,0.0001495890410958904
2024-05-02,5.46,0.0546,0.0001495890410958904
2024-05-03,5.45,0.0545,0.00014931506849315067
2024-05-06,5.45,0.0545,0.00014931506849315067
2024-05-07,5.45,0.0545,0.00014931506849315067
2024-05-08,5.45,0.0545,0.00014931506849315067
2024-05-09,5.46,0.0546,0.0001495890410958904
2024-05-10,5.47,0.0547,0.00014986301369863015
2024-05-13,5.45,0.0545,0.00014931506849315067
2024-05-14,5.44,0.054400000000000004,0.00014904109589041097
2024-05-15,5.45,0.0545,0.00014931506849315067
2024-05-16,5.45,0.0545,0.00014931506849315067
2024-05-17,5.46,0.0546,0.0001495890410958904
2024-05-20,5.45,0.0545,0.00014931506849315067
2024-05-21,5.45,0.0545,0.00014931506849315067
2024-05-22,5.45,0.0545,0.00014931506849315067
2024-05-23,5.46,0.0546,0.0001495890410958904
2024-05-24,5.46,0.0546,0.0001495890410958904
2024-05-28,5.46,0.0546,0.0001495890410958904
2024-05-29,5.46,0.0546,0.0001495890410958904
2024-05-30,5.46,0.0546,0.0001495890410958904
2024-05-31,5.46,0.0546,0.0001495890410958904
2024-06-03,5.52,0.0552,0.00015123287671232877
2024-06-04,5.52,0.0552,0.00015123287671232877
2024-06-05,5.51,0.055099999999999996,0.00015095890410958903
2024-06-06,5.51,0.055099999999999996,0.00015095890410958903
2024-06-07,5.52,0.0552,0.00015123287671232877
2024-06-10,5.52,0.0552,0.00015123287671232877
2024-06-11,5.52,0.0552,0.00015123287671232877
2024-06-12,5.51,0.055099999999999996,0.00015095890410958903
2024-06-13,5.51,0.055099999999999996,0.00015095890410958903
2024-06-14,5.51,0.055099999999999996,0.00015095890410958903
2024-06-17,5.52,0.0552,0.00015123287671232877
2024-06-18,5.5,0.055,0.00015068493150684933
2024-06-20,5.5,0.055,0.00015068493150684933
2024-06-21,5.49,0.054900000000000004,0.0001504109589041096
2024-06-24,5.5,0.055,0.00015068493150684933
2024-06-25,5.49,0.054900000000000004,0.0001504109589041096
2024-06-26,5.5,0.055,0.00015068493150684933
2024-06-27,5.49,0.054900000000000004,0.0001504109589041096
2024-06-28,5.48,0.0548,0.00015013698630136985
2024-07-01,5.47,0.0547,0.00014986301369863015
2024-07-02,5.47,0.0547,0.00014986301369863015
2024-07-03,5.47,0.0547,0.00014986301369863015
2024-07-05,5.46,0.0546,0.0001495890410958904
2024-07-08,5.46,0.0546,0.0001495890410958904
2024-07-09,5.46,0.0546,0.0001495890410958904
2024-07-10,5.46,0.0546,0.0001495890410958904
2024-07-11,5.44,0.054400000000000004,0.00014904109589041097
2024-07-12,5.43,0.054299999999999994,0.0001487671232876712
2024-07-15,5.43,0.054299999999999994,0.0001487671232876712
2024-07-16,5.43,0.054299999999999994,0.0001487671232876712
2024-07-17,5.43,0.054299999999999994,0.0001487671232876712
2024-07-18,5.43,0.054299999999999994,0.0001487671232876712
2024-07-19,5.43,0.054299999999999994,0.0001487671232876712
2024-07-22,5.43,0.054299999999999994,0.0001487671232876712
2024-07-23,5.41,0.0541,0.00014821917808219179
2024-07-24,5.4,0.054000000000000006,0.00014794520547945208
2024-07-25,5.39,0.053899999999999997,0.00014767123287671232
2024-07-26,5.38,0.0538,0.0001473972602739726
2024-07-29,5.41,0.0541,0.00014821917808219179
2024-07-30,5.4,0.054000000000000006,0.00014794520547945208
2024-07-31,5.41,0.0541,0.00014821917808219179
2024-08-01,5.37,0.0537,0.00014712328767123287
2024-08-02,5.29,0.0529,0.00014493150684931507
2024-08-05,5.35,0.0535,0.00014657534246575343
2024-08-06,5.34,0.053399999999999996,0.0001463013698630137
2024-08-07,5.34,0.053399999999999996,0.0001463013698630137
2024-08-08,5.34,0.053399999999999996,0.0001463013698630137
2024-08-09,5.33,0.0533,0.00014602739726027398
2024-08-12,5.33,0.0533,0.00014602739726027398
2024-08-13,5.32,0.053200000000000004,0.00014575342465753425
2024-08-14,5.32,0.053200000000000004,0.00014575342465753425
2024-08-15,5.34,0.053399999999999996,0.0001463013698630137
2024-08-16,5.33,0.0533,0.00014602739726027398
2024-08-19,5.31,0.053099999999999994,0.0001454794520547945
2024-08-20,5.29,0.0529,0.00014493150684931507
2024-08-21,5.26,0.0526,0.0001441095890410959
2024-08-22,5.28,0.0528,0.00014465753424657533
2024-08-23,5.25,0.0525,0.00014383561643835615
2024-08-26,5.24,0.0524,0.00014356164383561644
2024-08-27,5.23,0.052300000000000006,0.00014328767123287673
2024-08-28,5.21,0.0521,0.00014273972602739726
2024-08-29,5.22,0.052199999999999996,0.00014301369863013697
2024-08-30,5.21,0.0521,0.00014273972602739726
2024-09-03,5.19,0.0519,0.00014219178082191782
2024-09-04,5.18,0.0518,0.00014191780821917808
2024-09-05,5.15,0.051500000000000004,0.0001410958904109589
2024-09-06,5.13,0.0513,0.00014054794520547946
2024-09-09,5.11,0.051100000000000007,0.00014000000000000001
2024-09-10,5.06,0.0506,0.00013863013698630136
2024-09-11,5.1,0.051,0.00013972602739726025
2024-09-12,5.06,0.0506,0.00013863013698630136
2024-09-13,4.97,0.049699999999999994,0.00013616438356164382
2024-09-16,4.96,0.0496,0.00013589041095890412
2024-09-17,4.95,0.0495,0.00013561643835616438
2024-09-18,4.84,0.0484,0.0001326027397260274
2024-09-19,4.8,0.048,0.0001315068493150685
2024-09-20,4.75,0.0475,0.00013013698630136986
2024-09-23,4.72,0.0472,0.00012931506849315068
2024-09-24,4.69,0.046900000000000004,0.00012849315068493152
2024-09-25,4.69,0.046900000000000004,0.00012849315068493152
2024-09-26,4.68,0.046799999999999994,0.00012821917808219176
2024-09-27,4.68,0.046799999999999994,0.00012821917808219176
2024-09-30,4.73,0.0473,0.0001295890410958904
2024-10-01,4.71,0.0471,0.00012904109589041097
2024-10-02,4.69,0.046900000000000004,0.00012849315068493152
2024-10-03,4.68,0.046799999999999994,0.00012821917808219176
2024-10-04,4.73,0.0473,0.0001295890410958904
2024-10-07,4.77,0.04769999999999999,0.0001306849315068493
2024-10-08,4.75,0.0475,0.00013013698630136986
2024-10-09,4.75,0.0475,0.00013013698630136986
2024-10-10,4.75,0.0475,0.00013013698630136986
2024-10-11,4.73,0.0473,0.0001295890410958904
2024-10-15,4.73,0.0473,0.0001295890410958904
2024-10-16,4.72,0.0472,0.00012931506849315068
2024-10-17,4.74,0.047400000000000005,0.00012986301369863015
2024-10-18,4.73,0.0473,0.0001295890410958904
2024-10-21,4.73,0.0473,0.0001295890410958904
2024-10-22,4.72,0.0472,0.00012931506849315068
2024-10-23,4.73,0.0473,0.0001295890410958904
2024-10-24,4.7,0.047,0.00012876712328767123
2024-10-25,4.73,0.0473,0.0001295890410958904
2024-10-28,4.7,0.047,0.00012876712328767123
2024-10-29,4.7,0.047,0.00012876712328767123
2024-10-30,4.67,0.0467,0.00012794520547945205
2024-10-31,4.64,0.0464,0.00012712328767123287
2024-11-01,4.61,0.0461,0.0001263013698630137
2024-11-04,4.65,0.04650000000000001,0.0001273972602739726
2024-11-05,4.64,0.0464,0.00012712328767123287
2024-11-06,4.64,0.0464,0.00012712328767123287
2024-11-07,4.63,0.0463,0.00012684931506849316
2024-11-08,4.63,0.0463,0.00012684931506849316
2024-11-12,4.63,0.0463,0.00012684931506849316
2024-11-13,4.6,0.046,0.00012602739726027396
2024-11-14,4.61,0.0461,0.0001263013698630137
2024-11-15,4.6,0.046,0.00012602739726027396
2024-11-18,4.63,0.0463,0.00012684931506849316
2024-11-19,4.62,0.0462,0.00012657534246575343
2024-11-20,4.62,0.0462,0.00012657534246575343
2024-11-21,4.63,0.0463,0.00012684931506849316
2024-11-22,4.63,0.0463,0.00012684931506849316
2024-11-25,4.62,0.0462,0.00012657534246575343
2024-11-26,4.61,0.0461,0.0001263013698630137
2024-11-27,4.6,0.046,0.00012602739726027396
2024-11-29,4.58,0.0458,0.0001254794520547945
2024-12-02,4.51,0.0451,0.00012356164383561644
2024-12-03,4.49,0.0449,0.000123013698630137
2024-12-04,4.47,0.0447,0.00012246575342465753
2024-12-05,4.46,0.0446,0.00012219178082191782
2024-12-06,4.42,0.044199999999999996,0.00012109589041095889
2024-12-09,4.42,0.044199999999999996,0.00012109589041095889
2024-12-10,4.41,0.0441,0.00012082191780821918
2024-12-11,4.38,0.0438,0.00012
2024-12-12,4.35,0.0435,0.00011917808219178081
2024-12-13,4.34,0.0434,0.0001189041095890411
2024-12-16,4.37,0.0437,0.00011972602739726028
2024-12-17,4.38,0.0438,0.00012
2024-12-18,4.36,0.0436,0.00011945205479452055
2024-12-19,4.35,0.0435,0.00011917808219178081
2024-12-20,4.34,0.0434,0.0001189041095890411
2024-12-23,4.36,0.0436,0.00011945205479452055
2024-12-24,4.4,0.044000000000000004,0.00012054794520547946
2024-12-26,4.35,0.0435,0.00011917808219178081
2024-12-27,4.31,0.0431,0.00011808219178082192
2024-12-30,4.37,0.0437,0.00011972602739726028
2024-12-31,4.37,0.0437,0.00011972602739726028
2025-01-02,4.36,0.0436,0.00011945205479452055
2025-01-03,4.34,0.0434,0.0001189041095890411
2025-01-06,4.35,0.0435,0.00011917808219178081
2025-01-07,4.35,0.0435,0.00011917808219178081
2025-01-08,4.35,0.0435,0.00011917808219178081
2025-01-09,4.35,0.0435,0.00011917808219178081
2025-01-10,4.36,0.0436,0.00011945205479452055
2025-01-13,4.37,0.0437,0.00011972602739726028
2025-01-14,4.36,0.0436,0.00011945205479452055
2025-01-15,4.35,0.0435,0.00011917808219178081
2025-01-16,4.34,0.0434,0.0001189041095890411
2025-01-17,4.34,0.0434,0.0001189041095890411
2025-01-21,4.36,0.0436,0.00011945205479452055
2025-01-22,4.36,0.0436,0.00011945205479452055
2025-01-23,4.36,0.0436,0.00011945205479452055
2025-01-24,4.35,0.0435,0.00011917808219178081
2025-01-27,4.32,0.0432,0.00011835616438356166
2025-01-28,4.31,0.0431,0.00011808219178082192
2025-01-29,4.31,0.0431,0.00011808219178082192
2025-01-30,4.3,0.043,0.00011780821917808219
2025-01-31,4.31,0.0431,0.00011808219178082192
2025-02-03,4.34,0.0434,0.0001189041095890411
2025-02-04,4.33,0.0433,0.00011863013698630137
2025-02-05,4.33,0.0433,0.00011863013698630137
2025-02-06,4.34,0.0434,0.0001189041095890411
2025-02-07,4.35,0.0435,0.00011917808219178081
2025-02-10,4.35,0.0435,0.00011917808219178081
2025-02-11,4.35,0.0435,0.00011917808219178081
2025-02-12,4.35,0.0435,0.00011917808219178081
2025-02-13,4.34,0.0434,0.0001189041095890411
2025-02-14,4.34,0.0434,0.0001189041095890411
2025-02-18,4.34,0.0434,0.0001189041095890411
2025-02-19,4.34,0.0434,0.0001189041095890411
2025-02-20,4.33,0.0433,0.00011863013698630137
2025-02-21,4.32,0.0432,0.00011835616438356166
2025-02-24,4.31,0.0431,0.00011808219178082192
2025-02-25,4.3,0.043,0.00011780821917808219
2025-02-26,4.31,0.0431,0.00011808219178082192
2025-02-27,4.32,0.0432,0.00011835616438356166
2025-02-28,4.32,0.0432,0.00011835616438356166
2025-03-03,4.35,0.0435,0.00011917808219178081
2025-03-04,4.34,0.0434,0.0001189041095890411
2025-03-05,4.35,0.0435,0.00011917808219178081
2025-03-06,4.34,0.0434,0.0001189041095890411
2025-03-07,4.34,0.0434,0.0001189041095890411
2025-03-10,4.33,0.0433,0.00011863013698630137
2025-03-11,4.34,0.0434,0.0001189041095890411
2025-03-12,4.35,0.0435,0.00011917808219178081
2025-03-13,4.34,0.0434,0.0001189041095890411
2025-03-14,4.33,0.0433,0.00011863013698630137
2025-03-17,4.34,0.0434,0.0001189041095890411
2025-03-18,4.34,0.0434,0.0001189041095890411
2025-03-19,4.33,0.0433,0.00011863013698630137
2025-03-20,4.33,0.0433,0.00011863013698630137
2025-03-21,4.33,0.0433,0.00011863013698630137
2025-03-24,4.33,0.0433,0.00011863013698630137
2025-03-25,4.33,0.0433,0.00011863013698630137
2025-03-26,4.33,0.0433,0.00011863013698630137
2025-03-27,4.33,0.0433,0.00011863013698630137
2025-03-28,4.33,0.0433,0.00011863013698630137
2025-03-31,4.32,0.0432,0.00011835616438356166
2025-04-01,4.32,0.0432,0.00011835616438356166
2025-04-02,4.32,0.0432,0.00011835616438356166
2025-04-03,4.31,0.0431,0.00011808219178082192
2025-04-04,4.28,0.042800000000000005,0.00011726027397260275
2025-04-07,4.29,0.0429,0.00011753424657534246
2025-04-08,4.31,0.0431,0.00011808219178082192
2025-04-09,4.35,0.0435,0.00011917808219178081
2025-04-10,4.34,0.0434,0.0001189041095890411
2025-04-11,4.34,0.0434,0.0001189041095890411
2025-04-14,4.33,0.0433,0.00011863013698630137
2025-04-15,4.33,0.0433,0.00011863013698630137
2025-04-16,4.33,0.0433,0.00011863013698630137
2025-04-17,4.34,0.0434,0.0001189041095890411
2025-04-21,4.34,0.0434,0.0001189041095890411
2025-04-22,4.33,0.0433,0.00011863013698630137
2025-04-23,4.33,0.0433,0.00011863013698630137
2025-04-24,4.32,0.0432,0.00011835616438356166
2025-04-25,4.32,0.0432,0.00011835616438356166
2025-04-28,4.32,0.0432,0.00011835616438356166
2025-04-29,4.31,0.0431,0.00011808219178082192
2025-04-30,4.31,0.0431,0.00011808219178082192
2025-05-01,4.31,0.0431,0.00011808219178082192
2025-05-02,4.33,0.0433,0.00011863013698630137
2025-05-05,4.33,0.0433,0.00011863013698630137
2025-05-06,4.33,0.0433,0.00011863013698630137
2025-05-07,4.34,0.0434,0.0001189041095890411
2025-05-08,4.34,0.0434,0.0001189041095890411
2025-05-09,4.34,0.0434,0.0001189041095890411
2025-05-12,4.42,0.044199999999999996,0.00012109589041095889
2025-05-13,4.41,0.0441,0.00012082191780821918
2025-05-14,4.41,0.0441,0.00012082191780821918
2025-05-15,4.38,0.0438,0.00012
2025-05-16,4.37,0.0437,0.00011972602739726028
2025-05-19,4.39,0.043899999999999995,0.00012027397260273971
2025-05-20,4.38,0.0438,0.00012
2025-05-21,4.36,0.0436,0.00011945205479452055
2025-05-22,4.37,0.0437,0.00011972602739726028
2025-05-23,4.36,0.0436,0.00011945205479452055
2025-05-27,4.35,0.0435,0.00011917808219178081
2025-05-28,4.35,0.0435,0.00011917808219178081
2025-05-29,4.36,0.0436,0.00011945205479452055
2025-05-30,4.36,0.0436,0.00011945205479452055
2025-06-02,4.44,0.0444,0.00012164383561643836
2025-06-03,4.43,0.0443,0.00012136986301369863
2025-06-04,4.44,0.0444,0.00012164383561643836
2025-06-05,4.44,0.0444,0.00012164383561643836
2025-06-06,4.43,0.0443,0.00012136986301369863
2025-06-09,4.44,0.0444,0.00012164383561643836
2025-06-10,4.45,0.044500000000000005,0.0001219178082191781
2025-06-11,4.45,0.044500000000000005,0.0001219178082191781
2025-06-12,4.46,0.0446,0.00012219178082191782
2025-06-13,4.45,0.044500000000000005,0.0001219178082191781
2025-06-16,4.43,0.0443,0.00012136986301369863
2025-06-17,4.42,0.044199999999999996,0.00012109589041095889
2025-06-18,4.42,0.044199999999999996,0.00012109589041095889
2025-06-20,4.39,0.043899999999999995,0.00012027397260273971
2025-06-23,4.38,0.0438,0.00012
2025-06-24,4.38,0.0438,0.00012
2025-06-25,4.38,0.0438,0.00012
2025-06-26,4.39,0.043899999999999995,0.00012027397260273971
2025-06-27,4.39,0.043899999999999995,0.00012027397260273971
2025-06-30,4.41,0.0441,0.00012082191780821918
2025-07-01,4.4,0.044000000000000004,0.00012054794520547946
2025-07-02,4.41,0.0441,0.00012082191780821918
2025-07-03,4.42,0.044199999999999996,0.00012109589041095889
2025-07-07,4.42,0.044199999999999996,0.00012109589041095889
2025-07-08,4.42,0.044199999999999996,0.00012109589041095889
2025-07-09,4.42,0.044199999999999996,0.00012109589041095889
2025-07-10,4.42,0.044199999999999996,0.00012109589041095889
2025-07-11,4.41,0.0441,0.00012082191780821918
2025-07-14,4.42,0.044199999999999996,0.00012109589041095889
2025-07-15,4.42,0.044199999999999996,0.00012109589041095889
2025-07-16,4.41,0.0441,0.00012082191780821918
2025-07-17,4.41,0.0441,0.00012082191780821918
2025-07-18,4.4,0.044000000000000004,0.00012054794520547946
2025-07-21,4.41,0.0441,0.00012082191780821918
2025-07-22,4.41,0.0441,0.00012082191780821918
2025-07-23,4.41,0.0441,0.00012082191780821918
2025-07-24,4.42,0.044199999999999996,0.00012109589041095889
2025-07-25,4.42,0.044199999999999996,0.00012109589041095889
2025-07-28,4.4,0.044000000000000004,0.00012054794520547946
2025-07-29,4.4,0.044000000000000004,0.00012054794520547946
2025-07-30,4.41,0.0441,0.00012082191780821918
2025-07-31,4.41,0.0441,0.00012082191780821918
2025-08-01,4.35,0.0435,0.00011917808219178081
2025-08-04,4.35,0.0435,0.00011917808219178081
2025-08-05,4.34,0.0434,0.0001189041095890411
2025-08-06,4.32,0.0432,0.00011835616438356166
2025-08-07,4.32,0.0432,0.00011835616438356166
2025-08-08,4.32,0.0432,0.00011835616438356166
2025-08-11,4.34,0.0434,0.0001189041095890411
2025-08-12,4.33,0.0433,0.00011863013698630137
2025-08-13,4.29,0.0429,0.00011753424657534246
2025-08-14,4.3,0.043,0.00011780821917808219
2025-08-15,4.3,0.043,0.00011780821917808219
2025-08-18,4.33,0.0433,0.00011863013698630137
2025-08-19,4.3,0.043,0.00011780821917808219
2025-08-20,4.3,0.043,0.00011780821917808219
2025-08-21,4.32,0.0432,0.00011835616438356166
2025-08-22,4.27,0.042699999999999995,0.000116986301369863
2025-08-25,4.29,0.0429,0.00011753424657534246
2025-08-26,4.28,0.042800000000000005,0.00011726027397260275
2025-08-27,4.26,0.0426,0.00011671232876712328
2025-08-28,4.26,0.0426,0.00011671232876712328
2025-08-29,4.23,0.042300000000000004,0.00011589041095890412
2025-09-02,4.2,0.042,0.00011506849315068494
2025-09-03,4.18,0.0418,0.00011452054794520547
2025-09-04,4.16,0.0416,0.00011397260273972602
2025-09-05,4.07,0.0407,0.0001115068493150685
2025-09-08,4.1,0.040999999999999995,0.00011232876712328766
2025-09-09,4.1,0.040999999999999995,0.00011232876712328766
2025-09-10,4.09,0.0409,0.00011205479452054794
2025-09-11,4.08,0.0408,0.00011178082191780823
2025-09-12,4.08,0.0408,0.00011178082191780823
2025-09-15,4.06,0.0406,0.00011123287671232876
2025-09-16,4.04,0.0404,0.00011068493150684932
2025-09-17,4.02,0.04019999999999999,0.00011013698630136984
2025-09-18,4.03,0.0403,0.0001104109589041096
2025-09-19,4.03,0.0403,0.0001104109589041096
2025-09-22,4.0,0.04,0.00010958904109589041
2025-09-23,4.0,0.04,0.00010958904109589041
2025-09-24,4.02,0.04019999999999999,0.00011013698630136984
2025-09-25,4.04,0.0404,0.00011068493150684932
2025-09-26,4.02,0.04019999999999999,0.00011013698630136984
2025-09-29,4.04,0.0404,0.00011068493150684932
2025-09-30,4.02,0.04019999999999999,0.00011013698630136984
2025-10-01,4.01,0.0401,0.00010986301369863012
2025-10-02,4.02,0.04019999999999999,0.00011013698630136984
2025-10-03,4.03,0.0403,0.0001104109589041096
2025-10-06,4.02,0.04019999999999999,0.00011013698630136984
2025-10-07,4.01,0.0401,0.00010986301369863012
2025-10-08,4.01,0.0401,0.00010986301369863012
2025-10-09,4.03,0.0403,0.0001104109589041096
2025-10-10,4.02,0.04019999999999999,0.00011013698630136984
2025-10-14,4.02,0.04019999999999999,0.00011013698630136984
2025-10-15,4.03,0.0403,0.0001104109589041096
2025-10-16,4.02,0.04019999999999999,0.00011013698630136984
2025-10-17,4.0,0.04,0.00010958904109589041
2025-10-20,3.97,0.0397,0.00010876712328767123
2025-10-21,3.96,0.039599999999999996,0.0001084931506849315
2025-10-22,3.96,0.039599999999999996,0.0001084931506849315
2025-10-23,3.95,0.0395,0.00010821917808219178
2025-10-24,3.93,0.0393,0.00010767123287671233
2025-10-27,3.89,0.038900000000000004,0.00010657534246575343
2025-10-28,3.89,0.038900000000000004,0.00010657534246575343
2025-10-29,3.93,0.0393,0.00010767123287671233
2025-10-30,3.92,0.0392,0.0001073972602739726
2025-10-31,3.89,0.038900000000000004,0.00010657534246575343
2025-11-03,3.98,0.0398,0.00010904109589041097
2025-11-04,3.96,0.039599999999999996,0.0001084931506849315
2025-11-05,3.96,0.039599999999999996,0.0001084931506849315
2025-11-06,3.93,0.0393,0.00010767123287671233
2025-11-07,3.92,0.0392,0.0001073972602739726
2025-11-10,3.95,0.0395,0.00010821917808219178
2025-11-12,3.95,0.0395,0.00010821917808219178
2025-11-13,3.96,0.039599999999999996,0.0001084931506849315
2025-11-14,3.95,0.0395,0.00010821917808219178
2025-11-17,3.97,0.0397,0.00010876712328767123
2025-11-18,3.94,0.0394,0.00010794520547945205
2025-11-19,3.95,0.0395,0.00010821917808219178
2025-11-20,3.94,0.0394,0.00010794520547945205
2025-11-21,3.9,0.039,0.00010684931506849315
2025-11-24,3.91,0.0391,0.00010712328767123289
2025-11-25,3.9,0.039,0.00010684931506849315
2025-11-26,3.92,0.0392,0.0001073972602739726
2025-11-28,3.88,0.0388,0.00010630136986301371
2025-12-01,3.81,0.0381,0.00010438356164383563
2025-12-02,3.77,0.0377,0.00010328767123287671
2025-12-03,3.72,0.037200000000000004,0.00010191780821917809
2025-12-04,3.71,0.0371,0.00010164383561643836
2025-12-05,3.71,0.0371,0.00010164383561643836
2025-12-08,3.73,0.0373,0.00010219178082191781
2025-12-09,3.73,0.0373,0.00010219178082191781
2025-12-10,3.69,0.0369,0.0001010958904109589
2025-12-11,3.66,0.0366,0.00010027397260273973
2025-12-12,3.63,0.0363,9.945205479452055e-05
2025-12-15,3.65,0.0365,9.999999999999999e-05
2025-12-16,3.64,0.0364,9.972602739726028e-05
2025-12-17,3.64,0.0364,9.972602739726028e-05
2025-12-18,3.62,0.0362,9.917808219178082e-05
2025-12-19,3.62,0.0362,9.917808219178082e-05
2025-12-22,3.64,0.0364,9.972602739726028e-05
2025-12-23,3.65,0.0365,9.999999999999999e-05
2025-12-24,3.69,0.0369,0.0001010958904109589
2025-12-26,3.64,0.0364,9.972602739726028e-05
2025-12-29,3.68,0.0368,0.00010082191780821917
2025-12-30,3.65,0.0365,9.999999999999999e-05
2025-12-31,3.67,0.036699999999999997,0.00010054794520547945
2026-01-02,3.65,0.0365,9.999999999999999e-05
2026-01-05,3.64,0.0364,9.972602739726028e-05
2026-01-06,3.63,0.0363,9.945205479452055e-05
2026-01-07,3.62,0.0362,9.917808219178082e-05
2026-01-08,3.62,0.0362,9.917808219178082e-05
2026-01-09,3.62,0.0362,9.917808219178082e-05
2026-01-12,3.67,0.036699999999999997,0.00010054794520547945
2026-01-13,3.67,0.036699999999999997,0.00010054794520547945
2026-01-14,3.67,0.036699999999999997,0.00010054794520547945
2026-01-15,3.68,0.0368,0.00010082191780821917
2026-01-16,3.67,0.036699999999999997,0.00010054794520547945
2026-01-20,3.7,0.037000000000000005,0.00010136986301369864
2026-01-21,3.7,0.037000000000000005,0.00010136986301369864
2026-01-22,3.71,0.0371,0.00010164383561643836
2026-01-23,3.7,0.037000000000000005,0.00010136986301369864
2026-01-26,3.67,0.036699999999999997,0.00010054794520547945
2026-01-27,3.67,0.036699999999999997,0.00010054794520547945
2026-01-28,3.68,0.0368,0.00010082191780821917
2026-01-29,3.67,0.036699999999999997,0.00010054794520547945
2026-01-30,3.67,0.036699999999999997,0.00010054794520547945
2026-02-02,3.69,0.0369,0.0001010958904109589
2026-02-03,3.69,0.0369,0.0001010958904109589
2026-02-04,3.69,0.0369,0.0001010958904109589
2026-02-05,3.67,0.036699999999999997,0.00010054794520547945
2026-02-06,3.68,0.0368,0.00010082191780821917
2026-02-09,3.69,0.0369,0.0001010958904109589
2026-02-10,3.69,0.0369,0.0001010958904109589
2026-02-11,3.7,0.037000000000000005,0.00010136986301369864
2026-02-12,3.7,0.037000000000000005,0.00010136986301369864
2026-02-13,3.68,0.0368,0.00010082191780821917
2026-02-17,3.69,0.0369,0.0001010958904109589
2026-02-18,3.7,0.037000000000000005,0.00010136986301369864
2026-02-19,3.69,0.0369,0.0001010958904109589
2026-02-20,3.69,0.0369,0.0001010958904109589
2026-02-23,3.69,0.0369,0.0001010958904109589
2026-02-24,3.69,0.0369,0.0001010958904109589
2026-02-25,3.69,0.0369,0.0001010958904109589
2026-02-26,3.68,0.0368,0.00010082191780821917
2026-02-27,3.67,0.036699999999999997,0.00010054794520547945
2026-03-02,3.72,0.037200000000000004,0.00010191780821917809
2026-03-03,3.71,0.0371,0.00010164383561643836
2026-03-04,3.71,0.0371,0.00010164383561643836
2026-03-05,3.7,0.037000000000000005,0.00010136986301369864
2026-03-06,3.69,0.0369,0.0001010958904109589
2026-03-09,3.71,0.0371,0.00010164383561643836
2026-03-10,3.71,0.0371,0.00010164383561643836
2026-03-11,3.71,0.0371,0.00010164383561643836
2026-03-12,3.72,0.037200000000000004,0.00010191780821917809
2026-03-13,3.72,0.037200000000000004,0.00010191780821917809
2026-03-16,3.72,0.037200000000000004,0.00010191780821917809
2026-03-17,3.72,0.037200000000000004,0.00010191780821917809
2026-03-18,3.73,0.0373,0.00010219178082191781
2026-03-19,3.73,0.0373,0.00010219178082191781
2026-03-20,3.74,0.0374,0.00010246575342465754
2026-03-23,3.74,0.0374,0.00010246575342465754
2026-03-24,3.74,0.0374,0.00010246575342465754
2026-03-25,3.73,0.0373,0.00010219178082191781
2026-03-26,3.73,0.0373,0.00010219178082191781
2026-03-27,3.73,0.0373,0.00010219178082191781
2026-03-30,3.71,0.0371,0.00010164383561643836
2026-03-31,3.7,0.037000000000000005,0.00010136986301369864
2026-04-01,3.7,0.037000000000000005,0.00010136986301369864
2026-04-02,3.7,0.037000000000000005,0.00010136986301369864
2026-04-03,3.71,0.0371,0.00010164383561643836
2026-04-06,3.72,0.037200000000000004,0.00010191780821917809
2026-04-07,3.71,0.0371,0.00010164383561643836
2026-04-08,3.69,0.0369,0.0001010958904109589
2026-04-09,3.68,0.0368,0.00010082191780821917
2026-04-10,3.69,0.0369,0.0001010958904109589
2026-04-13,3.71,0.0371,0.00010164383561643836
2026-04-14,3.71,0.0371,0.00010164383561643836
2026-04-15,3.71,0.0371,0.00010164383561643836
2026-04-16,3.7,0.037000000000000005,0.00010136986301369864
2026-04-17,3.7,0.037000000000000005,0.00010136986301369864
2026-04-20,3.71,0.0371,0.00010164383561643836
2026-04-21,3.69,0.0369,0.0001010958904109589
2026-04-22,3.69,0.0369,0.0001010958904109589
2026-04-23,3.69,0.0369,0.0001010958904109589
2026-04-24,3.69,0.0369,0.0001010958904109589
2026-04-27,3.68,0.0368,0.00010082191780821917
2026-04-28,3.68,0.0368,0.00010082191780821917
2026-04-29,3.68,0.0368,0.00010082191780821917
2026-04-30,3.68,0.0368,0.00010082191780821917
2026-05-01,3.68,0.0368,0.00010082191780821917
2026-05-04,3.7,0.037000000000000005,0.00010136986301369864
2026-05-05,3.69,0.0369,0.0001010958904109589
2026-05-06,3.69,0.0369,0.0001010958904109589
2026-05-07,3.69,0.0369,0.0001010958904109589
2026-05-08,3.69,0.0369,0.0001010958904109589
2026-05-11,3.7,0.037000000000000005,0.00010136986301369864
2026-05-12,3.7,0.037000000000000005,0.00010136986301369864
2026-05-13,3.69,0.0369,0.0001010958904109589
2026-05-14,3.69,0.0369,0.0001010958904109589
2026-05-15,3.69,0.0369,0.0001010958904109589
2026-05-18,3.68,0.0368,0.00010082191780821917
2026-05-19,3.67,0.036699999999999997,0.00010054794520547945
2026-05-20,3.65,0.0365,9.999999999999999e-05
2026-05-21,3.68,0.0368,0.00010082191780821917
2026-05-22,3.68,0.0368,0.00010082191780821917
2026-05-26,3.68,0.0368,0.00010082191780821917
2026-05-27,3.68,0.0368,0.00010082191780821917
2026-05-28,3.69,0.0369,0.0001010958904109589
2026-05-29,3.69,0.0369,0.0001010958904109589
2026-06-01,3.78,0.0378,0.00010356164383561643
2026-06-02,3.77,0.0377,0.00010328767123287671
2026-06-03,3.78,0.0378,0.00010356164383561643
2026-06-04,3.78,0.0378,0.00010356164383561643
2026-06-05,3.78,0.0378,0.00010356164383561643
2026-06-08,3.8,0.038,0.00010410958904109589
2026-06-09,3.79,0.0379,0.00010383561643835617
2026-06-10,3.79,0.0379,0.00010383561643835617
2026-06-11,3.78,0.0378,0.00010356164383561643
2026-06-12,3.78,0.0378,0.00010356164383561643
2026-06-15,3.79,0.0379,0.00010383561643835617
2026-06-16,3.79,0.0379,0.00010383561643835617
2026-06-17,3.83,0.0383,0.00010493150684931507
2026-06-18,3.83,0.0383,0.00010493150684931507
2026-06-22,3.85,0.0385,0.00010547945205479451
2026-06-23,3.85,0.0385,0.00010547945205479451
2026-06-24,3.85,0.0385,0.00010547945205479451
2026-06-25,3.84,0.0384,0.00010520547945205478
2026-06-26,3.83,0.0383,0.00010493150684931507
2026-06-29,3.87,0.0387,0.00010602739726027397
2026-06-30,3.87,0.0387,0.00010602739726027397
2026-07-01,3.85,0.0385,0.00010547945205479451
2026-07-02,3.82,0.0382,0.00010465753424657533
2026-07-06,3.87,0.0387,0.00010602739726027397
2026-07-07,3.86,0.038599999999999995,0.00010575342465753424
2026-07-08,3.87,0.0387,0.00010602739726027397
2026-07-09,3.83,0.0383,0.00010493150684931507
2026-07-10,3.85,0.0385,0.00010547945205479451
2026-07-13,3.89,0.038900000000000004,0.00010657534246575343
2026-07-14,3.84,0.0384,0.00010520547945205478
2026-07-15,3.83,0.0383,0.00010493150684931507
2026-07-16,3.84,0.0384,0.00010520547945205478
2026-07-17,3.85,0.0385,0.00010547945205479451
2026-07-20,3.86,0.038599999999999995,0.00010575342465753424
2026-07-21,3.87,0.0387,0.00010602739726027397
2026-07-22,3.89,0.038900000000000004,0.00010657534246575343
2026-07-23,3.95,0.0395,0.00010821917808219178
2026-07-24,3.96,0.039599999999999996,0.0001084931506849315
2026-07-27,3.96,0.039599999999999996,0.0001084931506849315
2026-07-28,3.9,0.039,0.00010684931506849315
2026-07-29,3.83,0.0383,0.00010493150684931507
2026-07-30,3.82,0.0382,0.00010465753424657533
2026-07-31,3.83,0.0383,0.00010493150684931507
2026-08-03,3.91,0.0391,0.00010712328767123289
2026-08-04,3.89,0.038900000000000004,0.00010657534246575343
2026-08-05,3.89,0.038900000000000004,0.00010657534246575343
2026-08-06,3.9,0.039,0.00010684931506849315
2026-08-07,3.87,0.0387,0.00010602739726027397
2026-08-10,3.89,0.038900000000000004,0.00010657534246575343
2026-08-11,3.89,0.038900000000000004,0.00010657534246575343
2026-08-12,3.87,0.0387,0.00010602739726027397
2026-08-13,3.87,0.0387,0.00010602739726027397
2026-08-14,3.86,0.038599999999999995,0.00010575342465753424
2026-08-17,3.87,0.0387,0.00010602739726027397
2026-08-18,3.86,0.038599999999999995,0.00010575342465753424
2026-08-19,3.86,0.038599999999999995,0.00010575342465753424
2026-08-20,3.87,0.0387,0.00010602739726027397
2026-08-21,3.88,0.0388,0.00010630136986301371
2026-08-24,3.87,0.0387,0.00010602739726027397
2026-08-25,3.86,0.038599999999999995,0.00010575342465753424
2026-08-26,3.85,0.0385,0.00010547945205479451
2026-08-27,3.84,0.0384,0.00010520547945205478
2026-08-28,3.9,0.039,0.00010684931506849315
2026-08-31,3.91,0.0391,0.00010712328767123289
2026-09-01,3.92,0.0392,0.0001073972602739726
2026-09-02,3.92,0.0392,0.0001073972602739726
2026-09-03,3.89,0.038900000000000004,0.00010657534246575343
2026-09-04,3.91,0.0391,0.00010712328767123289
2026-09-08,3.94,0.0394,0.00010794520547945205
2026-09-09,3.95,0.0395,0.00010821917808219178
2026-09-10,4.0,0.04,0.00010958904109589041
2026-09-11,4.07,0.0407,0.0001115068493150685
2026-09-14,4.11,0.041100000000000005,0.00011260273972602741
2026-09-15,4.11,0.041100000000000005,0.00011260273972602741
2026-09-16,4.14,0.0414,0.00011342465753424658
2026-09-17,4.12,0.0412,0.00011287671232876712
2026-09-18,4.14,0.0414,0.00011342465753424658
2026-09-21,4.17,0.0417,0.00011424657534246576
2026-09-22,4.16,0.0416,0.00011397260273972602
2026-09-23,4.19,0.04190000000000001,0.00011479452054794523
2026-09-24,4.24,0.0424,0.00011616438356164384
2026-09-25,4.24,0.0424,0.00011616438356164384
2026-09-28,4.28,0.042800000000000005,0.00011726027397260275
